n_blocks,insert_bps,erase_bps
245,0,472868
245,0,1.85577e+07
247,1.18923e+07,1.85577e+07
247,1.18923e+07,1.88811e+06
247,1.18923e+07,1.5e+06
247,1.18923e+07,9.03226e+06
249,9.20513e+06,9.03226e+06
249,9.20513e+06,7.05556e+07
251,5.70667e+07,7.05556e+07
251,5.70667e+07,1.4252e+07
253,7.25e+06,1.4252e+07
253,7.25e+06,1.64786e+07
253,7.25e+06,1.37288e+06
253,7.25e+06,8.27143e+07
255,5.2549e+07,8.27143e+07
255,5.2549e+07,1.27368e+07
255,5.2549e+07,1.408e+06
257,1.20685e+07,1.408e+06
259,1.31552e+07,1.408e+06
259,1.31552e+07,1.49844e+07
261,2.66364e+07,1.49844e+07
261,2.66364e+07,6.25556e+07
263,9.26761e+06,6.25556e+07
263,9.26761e+06,3.96667e+06
265,1.31791e+07,3.96667e+06
265,1.31791e+07,8.7594e+06
265,1.31791e+07,1.00412e+07
265,1.31791e+07,6.6e+07
267,2.82143e+07,6.6e+07
269,4.525e+07,6.6e+07
271,7.4717e+06,6.6e+07
271,7.4717e+06,3.8e+06
271,7.4717e+06,7.24742e+06
273,3.6e+06,7.24742e+06
275,4.17447e+07,7.24742e+06
275,4.17447e+07,3.05132e+07
277,1.04529e+07,3.05132e+07
277,1.04529e+07,1.66438e+07
279,4.29231e+06,1.66438e+07
281,1.58444e+07,1.66438e+07
283,2.46761e+07,1.66438e+07
283,2.46761e+07,2.50882e+07
285,5.31231e+07,2.50882e+07
285,5.31231e+07,2.05825e+06
285,5.31231e+07,1.80067e+07
287,1.00076e+07,1.80067e+07
287,1.00076e+07,4.63636e+06
287,1.00076e+07,4.45556e+07
289,3.68362e+06,4.45556e+07
289,3.68362e+06,6.24752e+06
289,3.68362e+06,2.95143e+07
291,5.69565e+06,2.95143e+07
293,1.56183e+07,2.95143e+07
293,1.56183e+07,4.37838e+06
295,1.19746e+07,4.37838e+06
295,1.19746e+07,1.97164e+07
297,1.17065e+07,1.97164e+07
297,1.17065e+07,5.87387e+06
297,1.17065e+07,5.45893e+07
299,2.74234e+07,5.45893e+07
301,8.80357e+06,5.45893e+07
303,1.42857e+06,5.45893e+07
303,1.42857e+06,6.92857e+07
303,1.42857e+06,1.76623e+06
305,3.79683e+07,1.76623e+06
305,3.79683e+07,3.79643e+07
307,576687,3.79643e+07
309,2.27273e+06,3.79643e+07
311,6.8625e+07,3.79643e+07
311,6.8625e+07,1.38793e+07
313,4.77692e+06,1.38793e+07
313,4.77692e+06,2.78039e+07
315,3.31724e+06,2.78039e+07
317,1.7472e+07,2.78039e+07
317,1.7472e+07,8.98571e+07
319,82474.2,8.98571e+07
319,82474.2,1.38696e+07
321,9.69355e+06,1.38696e+07
323,6.38596e+06,1.38696e+07
323,6.38596e+06,1.34628e+07
325,3.80952e+06,1.34628e+07
327,6.348e+07,1.34628e+07
327,6.348e+07,4.82286e+07
327,6.348e+07,1.57143e+06
329,1.1677e+07,1.57143e+06
329,1.1677e+07,3.82353e+06
331,5.02878e+06,3.82353e+06
333,8.10909e+06,3.82353e+06
333,8.10909e+06,1.51589e+07
333,8.10909e+06,1.56857e+08
335,1.27815e+06,1.56857e+08
337,2.67e+07,1.56857e+08
337,2.67e+07,1.4259e+07
339,1.5462e+07,1.4259e+07
339,1.5462e+07,3.47833e+07
341,2.5073e+07,3.47833e+07
340,2.5073e+07,1.85297e+07
342,1.03028e+07,1.85297e+07
344,3.53077e+07,1.85297e+07
344,3.53077e+07,1.6475e+07
346,8.39474e+07,1.6475e+07
345,8.39474e+07,1.51976e+07
347,2.10811e+06,1.51976e+07
347,2.10811e+06,1.02353e+07
349,6.312e+06,1.02353e+07
351,1.2422e+07,1.02353e+07
351,1.2422e+07,1.54911e+07
353,1.23514e+07,1.54911e+07
353,1.23514e+07,4.1497e+06
353,1.23514e+07,1.30811e+06
355,1.37808e+07,1.30811e+06
355,1.37808e+07,7.45455e+07
357,2.33333e+06,7.45455e+07
357,2.33333e+06,3.84459e+06
357,2.33333e+06,1.22618e+07
359,2.6648e+06,1.22618e+07
361,8.78571e+06,1.22618e+07
361,8.78571e+06,1.51818e+07
361,8.78571e+06,8.20455e+06
363,1.09565e+07,8.20455e+06
363,1.09565e+07,2.5e+07
365,1.48258e+07,2.5e+07
367,1.05119e+07,2.5e+07
367,1.05119e+07,2.84127e+07
367,1.05119e+07,1.27907e+06
367,1.05119e+07,219101
367,1.05119e+07,2.23387e+06
369,1.79552e+07,2.23387e+06
369,1.79552e+07,7.5082e+06
371,563319,7.5082e+06
371,563319,1.1622e+07
373,5.24545e+07,1.1622e+07
373,5.24545e+07,5.76129e+06
373,5.24545e+07,5.57303e+06
375,8.51948e+06,5.57303e+06
375,8.51948e+06,903846
377,4.21e+06,903846
379,1.01695e+06,903846
379,1.01695e+06,1.58992e+07
381,2.39027e+07,1.58992e+07
381,2.39027e+07,1.27842e+07
383,23041.5,1.27842e+07
385,3.7395e+06,1.27842e+07
387,3.79e+06,1.27842e+07
387,3.79e+06,6.06863e+06
389,758794,6.06863e+06
391,4.34231e+07,6.06863e+06
391,4.34231e+07,1.49851e+07
393,2.58333e+06,1.49851e+07
393,2.58333e+06,3.4586e+06
395,1.12126e+07,3.4586e+06
395,1.12126e+07,5.24257e+06
395,1.12126e+07,1.28776e+07
397,6.20492e+06,1.28776e+07
397,6.20492e+06,2.85278e+07
397,6.20492e+06,6.00575e+06
399,1.16454e+07,6.00575e+06
399,1.16454e+07,1.3418e+07
401,3.85549e+06,1.3418e+07
403,1.11394e+07,1.3418e+07
403,1.11394e+07,1.4807e+07
405,8.63043e+06,1.4807e+07
405,8.63043e+06,5.87143e+07
407,2.12136e+06,5.87143e+07
409,3.94318e+06,5.87143e+07
409,3.94318e+06,1.00081e+07
409,3.94318e+06,3.55906e+06
411,2.05769e+07,3.55906e+06
411,2.05769e+07,8.19e+07
413,1.21119e+07,8.19e+07
413,1.21119e+07,1.48816e+07
415,1.22038e+07,1.48816e+07
414,1.22038e+07,1.40526e+07
414,1.22038e+07,4.07353e+07
414,1.22038e+07,1.02685e+06
416,2.0145e+07,1.02685e+06
416,2.0145e+07,1.15116e+07
416,2.0145e+07,3.96923e+06
418,4.08547e+06,3.96923e+06
417,4.08547e+06,1.24636e+07
419,1.18333e+07,1.24636e+07
421,9.23364e+06,1.24636e+07
421,9.23364e+06,1.81158e+07
421,9.23364e+06,7.6087e+06
423,1.45034e+07,7.6087e+06
423,1.45034e+07,5e+06
423,1.45034e+07,8.54783e+07
425,6.34146e+06,8.54783e+07
427,181818,8.54783e+07
429,1.00667e+07,8.54783e+07
431,5.01304e+07,8.54783e+07
431,5.01304e+07,1.28609e+07
431,5.01304e+07,2.99394e+07
433,1.01231e+08,2.99394e+07
435,1.50382e+07,2.99394e+07
435,1.50382e+07,1.18357e+08
437,2.77931e+06,1.18357e+08
439,7.56429e+07,1.18357e+08
439,7.56429e+07,1.02522e+08
441,9.17857e+06,1.02522e+08
443,2.38444e+07,1.02522e+08
443,2.38444e+07,9.24194e+06
445,6.92481e+06,9.24194e+06
445,6.92481e+06,3.16e+07
445,6.92481e+06,1.67358e+07
447,1.43188e+07,1.67358e+07
447,1.43188e+07,2.46117e+07
449,1.09875e+07,2.46117e+07
451,3.55263e+06,2.46117e+07
451,3.55263e+06,5.3e+06
451,3.55263e+06,4.35789e+06
453,1.4194e+07,4.35789e+06
455,1.66111e+07,4.35789e+06
455,1.66111e+07,6.11562e+07
455,1.66111e+07,4.51449e+06
457,1.4e+07,4.51449e+06
459,7.76087e+06,4.51449e+06
459,7.76087e+06,2.67222e+07
459,7.76087e+06,3.18182e+06
459,7.76087e+06,1.34118e+07
461,1.14783e+07,1.34118e+07
463,1.15763e+07,1.34118e+07
463,1.15763e+07,1.2906e+06
463,1.15763e+07,7.8806e+06
465,1.8299e+07,7.8806e+06
465,1.8299e+07,1.34853e+07
467,1.49286e+07,1.34853e+07
467,1.49286e+07,7.04545e+07
467,1.49286e+07,7.0625e+06
469,5.97802e+06,7.0625e+06
469,5.97802e+06,2.25641e+06
469,5.97802e+06,4.30719e+06
471,1.03481e+07,4.30719e+06
473,747967,4.30719e+06
473,747967,5.68868e+07
475,1.71557e+07,5.68868e+07
477,1.83898e+06,5.68868e+07
477,1.83898e+06,1.30508e+07
479,5.41081e+07,1.30508e+07
479,5.41081e+07,1.746e+08
481,9.56e+06,1.746e+08
480,9.56e+06,8.63571e+07
482,7.19828e+07,8.63571e+07
482,7.19828e+07,6.70238e+06
484,7.32759e+06,6.70238e+06
484,7.32759e+06,1.90805e+07
486,3.94091e+07,1.90805e+07
486,3.94091e+07,2.39593e+07
488,2.50204e+07,2.39593e+07
490,5.12581e+07,2.39593e+07
492,64102.6,2.39593e+07
492,64102.6,1.24468e+07
492,64102.6,2.74528e+07
494,5.3e+06,2.74528e+07
496,1.04206e+07,2.74528e+07
496,1.04206e+07,5.24792e+07
496,1.04206e+07,2.575e+07
498,2.0087e+07,2.575e+07
498,2.0087e+07,2.19722e+07
500,2.34833e+08,2.19722e+07
500,2.34833e+08,9.80556e+06
500,2.34833e+08,7.81967e+06
502,4.85965e+06,7.81967e+06
500,4.85965e+06,2.68608e+07
502,2.75926e+06,2.68608e+07
504,9.05882e+06,2.68608e+07
504,9.05882e+06,4.67812e+07
506,8.54032e+06,4.67812e+07
506,8.54032e+06,5.94828e+06
508,2.96195e+07,5.94828e+06
507,2.96195e+07,7.02188e+07
507,2.96195e+07,2.99565e+07
509,5.06015e+06,2.99565e+07
509,5.06015e+06,6.82727e+07
511,6.41379e+07,6.82727e+07
513,4.21311e+06,6.82727e+07
511,4.21311e+06,2.55259e+07
513,6.78571e+07,2.55259e+07
513,6.78571e+07,5.83529e+07
515,2.03252e+06,5.83529e+07
517,1.17313e+07,5.83529e+07
516,1.17313e+07,1.89308e+08
518,2.31712e+07,1.89308e+08
518,2.31712e+07,1.69153e+07
520,2.8597e+07,1.69153e+07
520,2.8597e+07,8.07273e+07
522,2.87209e+07,8.07273e+07
522,2.87209e+07,3.46825e+06
522,2.87209e+07,6.19014e+06
524,2.60638e+07,6.19014e+06
524,2.60638e+07,1.78488e+07
526,1.07609e+07,1.78488e+07
526,1.07609e+07,1.875e+07
528,3.10714e+06,1.875e+07
530,8.51538e+07,1.875e+07
530,8.51538e+07,1.58491e+07
530,8.51538e+07,1.0975e+08
532,3.97778e+07,1.0975e+08
534,1.0129e+06,1.0975e+08
534,1.0129e+06,1.11278e+07
536,2.39167e+07,1.11278e+07
536,2.39167e+07,9.7029e+06
536,2.39167e+07,1.01944e+07
538,5.4e+07,1.01944e+07
537,5.4e+07,1.57595e+07
539,9.57273e+07,1.57595e+07
541,4.65417e+07,1.57595e+07
541,4.65417e+07,1.59684e+07
543,2.22295e+07,1.59684e+07
543,2.22295e+07,1.1625e+07
545,1.25789e+07,1.1625e+07
545,1.25789e+07,5.5875e+07
547,2.16538e+07,5.5875e+07
547,2.16538e+07,119565
547,2.16538e+07,74074.1
549,8.51538e+07,74074.1
549,8.51538e+07,4.41818e+07
551,1.64062e+07,4.41818e+07
551,1.64062e+07,1.19104e+07
551,1.64062e+07,5.22222e+06
551,1.64062e+07,1.5431e+06
553,2.58028e+07,1.5431e+06
553,2.58028e+07,1.22308e+07
553,2.58028e+07,3.97368e+07
555,8.30625e+07,3.97368e+07
555,8.30625e+07,1.07949e+07
555,8.30625e+07,1.3e+07
557,3.53529e+07,1.3e+07
557,3.53529e+07,8.44e+06
559,3.32317e+07,8.44e+06
559,3.32317e+07,1.34154e+08
561,8.98131e+06,1.34154e+08
563,1.18939e+06,1.34154e+08
562,1.18939e+06,3.5225e+07
564,1.42e+07,3.5225e+07
566,1.18702e+07,3.5225e+07
566,1.18702e+07,1.25506e+07
568,1.04202e+06,1.25506e+07
568,1.04202e+06,4.23636e+07
570,1.04667e+08,4.23636e+07
570,1.04667e+08,1.20099e+07
572,1.80095e+07,1.20099e+07
572,1.80095e+07,9.65432e+06
572,1.80095e+07,5.78571e+07
572,1.80095e+07,1.56226e+07
572,1.80095e+07,1.78261e+06
572,1.80095e+07,8.44e+06
574,7.9e+07,8.44e+06
574,7.9e+07,1.16742e+07
573,7.9e+07,2.34423e+07
575,3.6875e+07,2.34423e+07
575,3.6875e+07,3.67667e+07
577,2.06857e+07,3.67667e+07
577,2.06857e+07,7.03333e+06
577,2.06857e+07,1.1e+07
577,2.06857e+07,3.14444e+07
579,2.565e+08,3.14444e+07
579,2.565e+08,1.02213e+07
579,2.565e+08,2.4359e+06
581,5.45679e+06,2.4359e+06
583,4.52581e+07,2.4359e+06
582,4.52581e+07,1.94667e+08
582,4.52581e+07,3.75309e+06
580,4.52581e+07,1.52596e+07
582,5.24333e+07,1.52596e+07
584,2.51212e+07,1.52596e+07
584,2.51212e+07,2.8358e+07
584,2.51212e+07,2.55682e+06
586,2.325e+07,2.55682e+06
588,1.0566e+07,2.55682e+06
588,1.0566e+07,2.27727e+07
587,1.0566e+07,3.67679e+07
589,3.86667e+07,3.67679e+07
588,3.86667e+07,1.46809e+07
590,9.10606e+06,1.46809e+07
590,9.10606e+06,3.06731e+07
592,3.37368e+07,3.06731e+07
592,3.37368e+07,2.34945e+07
592,3.37368e+07,1.45625e+07
592,3.37368e+07,6.25e+08
594,2.29444e+08,6.25e+08
594,2.29444e+08,1.95455e+07
594,2.29444e+08,1.03627e+07
596,3.93208e+07,1.03627e+07
598,310345,1.03627e+07
600,78431.4,1.03627e+07
600,78431.4,1.20238e+08
602,5.67021e+06,1.20238e+08
602,5.67021e+06,8.97143e+06
604,2.28211e+07,8.97143e+06
604,2.28211e+07,5.22833e+08
606,1.27027e+07,5.22833e+08
608,2.44898e+06,5.22833e+08
610,1.94615e+07,5.22833e+08
610,1.94615e+07,1.09901e+07
612,2.49792e+07,1.09901e+07
614,1.96792e+07,1.09901e+07
614,1.96792e+07,1.66393e+07
616,2.168e+07,1.66393e+07
616,2.168e+07,3.00263e+07
618,1.18538e+08,3.00263e+07
620,1.11905e+06,3.00263e+07
622,9.04839e+06,3.00263e+07
622,9.04839e+06,4.22188e+07
622,9.04839e+06,1.77273e+07
624,2.7e+07,1.77273e+07
624,2.7e+07,4.26087e+06
626,3.86458e+07,4.26087e+06
626,3.86458e+07,3.08451e+07
626,3.86458e+07,1.38727e+07
628,5.68103e+06,1.38727e+07
630,9.30909e+06,1.38727e+07
630,9.30909e+06,2.78e+06
630,9.30909e+06,3.15714e+07
632,3.55814e+06,3.15714e+07
634,4.15667e+08,3.15714e+07
634,4.15667e+08,2.43818e+07
634,4.15667e+08,1.51647e+07
636,753086,1.51647e+07
636,753086,6.02597e+06
636,753086,3.88462e+06
638,1.24754e+07,3.88462e+06
638,1.24754e+07,3.3e+06
640,2.98889e+07,3.3e+06
640,2.98889e+07,4.4614e+07
642,2.45286e+08,4.4614e+07
642,2.45286e+08,2.36471e+07
644,2.19375e+07,2.36471e+07
644,2.19375e+07,2.42333e+08
644,2.19375e+07,2.05854e+07
644,2.19375e+07,2.50602e+06
646,2.76404e+06,2.50602e+06
646,2.76404e+06,4.73729e+06
648,4.48889e+07,4.73729e+06
648,4.48889e+07,7.38202e+06
648,4.48889e+07,1.31579e+06
650,4.94e+08,1.31579e+06
650,4.94e+08,1.2e+07
652,822785,1.2e+07
654,1.63158e+06,1.2e+07
656,1.0049e+07,1.2e+07
656,1.0049e+07,7.69259e+07
656,1.0049e+07,4.41176e+06
658,1.61846e+07,4.41176e+06
658,1.61846e+07,5.87179e+06
660,4.70339e+06,5.87179e+06
660,4.70339e+06,1.01392e+07
662,1.10375e+08,1.01392e+07
662,1.10375e+08,1.03396e+07
662,1.10375e+08,2.13333e+07
664,1.30177e+07,2.13333e+07
666,2.62683e+07,2.13333e+07
666,2.62683e+07,4.43429e+07
666,2.62683e+07,3.36364e+06
668,7.77059e+07,3.36364e+06
668,7.77059e+07,1.55e+07
668,7.77059e+07,7.65714e+06
668,7.77059e+07,6.29545e+06
670,2.62381e+07,6.29545e+06
670,2.62381e+07,4.55652e+07
670,2.62381e+07,6.97895e+06
672,1.13924e+06,6.97895e+06
674,6.905e+07,6.97895e+06
674,6.905e+07,2.95116e+07
676,4.402e+07,2.95116e+07
675,4.402e+07,1.77143e+07
677,1.23182e+07,1.77143e+07
675,1.23182e+07,8.52143e+07
675,1.23182e+07,6.66667e+06
675,1.23182e+07,2.4e+06
677,1.33222e+08,2.4e+06
673,1.33222e+08,2.10854e+07
673,1.33222e+08,6.6e+07
673,1.33222e+08,2.24444e+06
675,3.36914e+07,2.24444e+06
675,3.36914e+07,2.88273e+08
677,1.04478e+08,2.88273e+08
677,1.04478e+08,3.5e+07
677,1.04478e+08,8e+06
679,9.84146e+06,8e+06
678,9.84146e+06,3.17037e+07
680,2.53276e+07,3.17037e+07
680,2.53276e+07,3.86207e+06
682,2.11154e+07,3.86207e+06
682,2.11154e+07,4.096e+08
684,3.02955e+07,4.096e+08
684,3.02955e+07,1.85634e+07
686,1.61429e+07,1.85634e+07
686,1.61429e+07,4.92593e+06
688,2.908e+07,4.92593e+06
688,2.908e+07,6.91395e+07
690,2.25794e+07,6.91395e+07
690,2.25794e+07,2.3e+06
692,6.31481e+06,2.3e+06
692,6.31481e+06,7.04878e+06
692,6.31481e+06,2.16087e+07
694,3.55e+07,2.16087e+07
693,3.55e+07,2.11579e+07
695,1.23636e+06,2.11579e+07
695,1.23636e+06,489583
697,2.40909e+07,489583
697,2.40909e+07,4.7037e+06
699,5.87255e+06,4.7037e+06
701,1.11194e+07,4.7037e+06
701,1.11194e+07,4.68e+06
703,2.08421e+07,4.68e+06
703,2.08421e+07,1.24e+08
703,2.08421e+07,2.30556e+07
705,6.55263e+07,2.30556e+07
707,1.58085e+07,2.30556e+07
706,1.58085e+07,2.04615e+07
706,1.58085e+07,2.76512e+07
708,5.68289e+07,2.76512e+07
707,5.68289e+07,1.25684e+07
709,8.70588e+06,1.25684e+07
709,8.70588e+06,1.63962e+07
711,8.20879e+06,1.63962e+07
713,2.04444e+07,1.63962e+07
715,1.02105e+07,1.63962e+07
713,1.02105e+07,5.16875e+07
716,7.01642e+07,5.16875e+07
716,7.01642e+07,3.40536e+07
718,2.16744e+07,3.40536e+07
718,2.16744e+07,7.3e+07
718,2.16744e+07,1.37059e+07
718,2.16744e+07,3.65667e+08
720,5.57143e+06,3.65667e+08
722,4.03529e+07,3.65667e+08
722,4.03529e+07,426471
722,4.03529e+07,5.5625e+07
724,1.81429e+07,5.5625e+07
726,1.78218e+06,5.5625e+07
724,1.78218e+06,3.2e+07
726,1.20233e+07,3.2e+07
728,1.27364e+08,3.2e+07
727,1.27364e+08,2.00182e+08
729,6.7619e+06,2.00182e+08
729,6.7619e+06,771186
731,3.34259e+06,771186
731,3.34259e+06,1.11981e+07
731,3.34259e+06,2.08e+06
733,1.43222e+08,2.08e+06
733,1.43222e+08,1.58e+08
735,3.058e+07,1.58e+08
735,3.058e+07,2.832e+07
735,3.058e+07,3.30612e+06
737,1.79412e+06,3.30612e+06
739,6.41522e+07,3.30612e+06
738,6.41522e+07,4.33944e+07
740,1.53556e+07,4.33944e+07
742,7.69027e+06,4.33944e+07
742,7.69027e+06,2.05258e+07
742,7.69027e+06,1.85122e+07
744,2.1175e+07,1.85122e+07
746,1.22364e+08,1.85122e+07
746,1.22364e+08,2.07732e+07
748,2.36e+07,2.07732e+07
748,2.36e+07,3.95135e+07
750,1.49737e+07,3.95135e+07
750,1.49737e+07,89743.6
749,1.49737e+07,8.5e+07
751,2.50247e+07,8.5e+07
750,2.50247e+07,1.81111e+07
752,1.47692e+07,1.81111e+07
754,3.57391e+07,1.81111e+07
754,3.57391e+07,2.76452e+07
752,3.57391e+07,5.25357e+07
754,1.55165e+07,5.25357e+07
754,1.55165e+07,6.81522e+06
756,2.74194e+06,6.81522e+06
756,2.74194e+06,2.08065e+07
758,5.70645e+07,2.08065e+07
758,5.70645e+07,1.69908e+07
760,1.91618e+07,1.69908e+07
760,1.91618e+07,1.6463e+07
762,5.52143e+07,1.6463e+07
764,552941,1.6463e+07
764,552941,1.36522e+07
759,552941,4.5419e+07
761,1.0407e+08,4.5419e+07
760,1.0407e+08,3.31642e+07
762,1.0281e+08,3.31642e+07
760,1.0281e+08,2.16627e+07
762,2.41951e+07,2.16627e+07
762,2.41951e+07,7.65152e+06
762,2.41951e+07,2.25312e+07
764,7.23333e+07,2.25312e+07
764,7.23333e+07,3e+07
764,7.23333e+07,1.968e+07
766,3.06125e+08,1.968e+07
764,3.06125e+08,1.263e+08
766,2.65909e+07,1.263e+08
768,5.59259e+06,1.263e+08
768,5.59259e+06,3.03556e+07
768,5.59259e+06,2.11803e+07
770,2.98861e+07,2.11803e+07
770,2.98861e+07,4.47826e+06
767,2.98861e+07,1.65615e+08
769,9.28571e+06,1.65615e+08
769,9.28571e+06,1.4125e+07
771,2.34878e+07,1.4125e+07
770,2.34878e+07,4.06333e+08
772,2.89565e+07,4.06333e+08
772,2.89565e+07,1.45556e+07
774,4.04839e+06,1.45556e+07
774,4.04839e+06,980392
776,4.63913e+07,980392
775,4.63913e+07,4.56176e+07
777,1.35385e+07,4.56176e+07
777,1.35385e+07,1.31333e+07
779,6.2e+07,1.31333e+07
781,9.95238e+06,1.31333e+07
783,3.63095e+06,1.31333e+07
782,3.63095e+06,2.41714e+08
784,1.565e+08,2.41714e+08
784,1.565e+08,4.68824e+07
784,1.565e+08,44943.8
786,1.97778e+07,44943.8
786,1.97778e+07,1.36875e+07
788,1.06122e+06,1.36875e+07
790,3.19444e+07,1.36875e+07
790,3.19444e+07,3.28846e+06
789,3.19444e+07,1.51786e+07
791,9.24706e+07,1.51786e+07
791,9.24706e+07,1.18409e+07
791,9.24706e+07,6.11429e+07
791,9.24706e+07,1.37255e+06
791,9.24706e+07,2.18182e+06
791,9.24706e+07,7.85882e+06
793,3.42273e+07,7.85882e+06
793,3.42273e+07,1.01905e+07
793,3.42273e+07,1.08e+07
793,3.42273e+07,2.08571e+07
795,4.25303e+07,2.08571e+07
797,2.64835e+06,2.08571e+07
797,2.64835e+06,2.56064e+07
799,2.36923e+07,2.56064e+07
801,9.1e+07,2.56064e+07
803,9.08571e+07,2.56064e+07
803,9.08571e+07,4.82895e+07
802,9.08571e+07,2.55667e+08
804,528302,2.55667e+08
804,528302,2.92857e+07
806,7.46429e+06,2.92857e+07
808,2.796e+07,2.92857e+07
810,4.65238e+07,2.92857e+07
810,4.65238e+07,2.70857e+07
810,4.65238e+07,1.14058e+07
810,4.65238e+07,8.65625e+06
812,1.76711e+07,8.65625e+06
814,9.2931e+06,8.65625e+06
814,9.2931e+06,7.06818e+06
816,2.14667e+08,7.06818e+06
814,2.14667e+08,2.70385e+07
814,2.14667e+08,7.6e+06
814,2.14667e+08,1.98e+07
816,4.36364e+06,1.98e+07
816,4.36364e+06,5.92857e+06
818,1.92069e+07,5.92857e+06
818,1.92069e+07,1.88519e+07
820,1.65172e+07,1.88519e+07
820,1.65172e+07,7.35593e+06
822,2.17802e+07,7.35593e+06
822,2.17802e+07,1.28125e+06
822,2.17802e+07,6.03611e+07
824,1.83958e+07,6.03611e+07
823,1.83958e+07,1.81667e+07
825,5.03333e+07,1.81667e+07
827,1.9322e+06,1.81667e+07
829,550725,1.81667e+07
831,1.13043e+06,1.81667e+07
831,1.13043e+06,1.35938e+07
833,6.83125e+07,1.35938e+07
835,3.46667e+07,1.35938e+07
837,1.44286e+07,1.35938e+07
837,1.44286e+07,2.57568e+07
839,1.41935e+06,2.57568e+07
838,1.41935e+06,1.615e+07
840,9.70732e+06,1.615e+07
842,2.36667e+07,1.615e+07
842,2.36667e+07,1.20833e+07
844,2.2619e+06,1.20833e+07
846,1.76e+06,1.20833e+07
848,3.62791e+06,1.20833e+07
850,2.74062e+07,1.20833e+07
852,5.66667e+06,1.20833e+07
852,5.66667e+06,1.27059e+07
852,5.66667e+06,3.39e+08
854,3.38667e+07,3.39e+08
854,3.38667e+07,6e+06
854,3.38667e+07,9.76712e+06
856,2.68e+07,9.76712e+06
856,2.68e+07,2.94118e+06
858,1.375e+07,2.94118e+06
860,4.03571e+06,2.94118e+06
862,1.17912e+07,2.94118e+06
862,1.17912e+07,1.3e+07
862,1.17912e+07,1.90526e+07
862,1.17912e+07,1.34086e+07
864,2.825e+07,1.34086e+07
866,2.45873e+07,1.34086e+07
865,2.45873e+07,7.86786e+07
867,1.79394e+07,7.86786e+07
869,2.0629e+07,7.86786e+07
868,2.0629e+07,4.83125e+07
870,2.14231e+08,4.83125e+07
868,2.14231e+08,8.65161e+07
870,1.91954e+06,8.65161e+07
869,1.91954e+06,6.21111e+07
871,7.82222e+06,6.21111e+07
873,537736,6.21111e+07
875,2.09524e+07,6.21111e+07
875,2.09524e+07,5.748e+07
877,4.37273e+07,5.748e+07
879,8.86e+06,5.748e+07
879,8.86e+06,2.78529e+07
879,8.86e+06,1.57397e+07
881,6.78723e+06,1.57397e+07
881,6.78723e+06,2.51765e+06
883,2.56875e+07,2.51765e+06
879,2.56875e+07,3.47339e+07
882,6.632e+07,3.47339e+07
882,6.632e+07,4.76667e+07
884,1.15205e+07,4.76667e+07
884,1.15205e+07,6.6e+07
884,1.15205e+07,9.07143e+06
886,1.6075e+07,9.07143e+06
888,2.28242e+07,9.07143e+06
887,2.28242e+07,3.26633e+07
889,2.69167e+07,3.26633e+07
891,2.59855e+07,3.26633e+07
891,2.59855e+07,1.33167e+08
891,2.59855e+07,1.41e+08
893,1.47353e+07,1.41e+08
895,1.30517e+07,1.41e+08
895,1.30517e+07,1.15333e+07
895,1.30517e+07,1.23902e+07
895,1.30517e+07,1.31034e+07
897,3.44138e+07,1.31034e+07
896,3.44138e+07,2.08e+07
898,4.32881e+07,2.08e+07
898,4.32881e+07,4.98507e+06
898,4.32881e+07,2.42381e+07
900,9.9e+07,2.42381e+07
900,9.9e+07,9.38462e+06
902,1.225e+07,9.38462e+06
902,1.225e+07,1.78333e+06
902,1.225e+07,3.3e+07
902,1.225e+07,2.87778e+06
904,1.93091e+07,2.87778e+06
904,1.93091e+07,9.40678e+06
906,7.33784e+06,9.40678e+06
908,8.3587e+06,9.40678e+06
908,8.3587e+06,8.14667e+07
910,5.3913e+06,8.14667e+07
912,1.2093e+06,8.14667e+07
912,1.2093e+06,1.50395e+07
914,4.12687e+07,1.50395e+07
913,4.12687e+07,1.29222e+08
913,4.12687e+07,2.14138e+07
915,1.91042e+07,2.14138e+07
917,1.47429e+08,2.14138e+07
919,3.65e+07,2.14138e+07
918,3.65e+07,1.3075e+08
920,2.6525e+07,1.3075e+08
920,2.6525e+07,5.87391e+07
922,1.74286e+07,5.87391e+07
924,1.72941e+07,5.87391e+07
921,1.72941e+07,1.60192e+08
923,4.89783e+07,1.60192e+08
925,4.31034e+06,1.60192e+08
925,4.31034e+06,3.13846e+07
927,2.29149e+07,3.13846e+07
925,2.29149e+07,6.308e+07
927,7.42029e+06,6.308e+07
929,5.7381e+06,6.308e+07
931,337838,6.308e+07
931,337838,2.37593e+07
931,337838,272727
931,337838,2.1e+06
929,337838,2.52131e+07
931,4.24444e+07,2.52131e+07
931,4.24444e+07,4.92857e+07
930,4.24444e+07,4.84138e+07
932,8.50625e+07,4.84138e+07
934,1.43111e+07,4.84138e+07
934,1.43111e+07,3.40476e+06
934,1.43111e+07,7.05e+06
934,1.43111e+07,3.91525e+06
936,1.07846e+08,3.91525e+06
935,1.07846e+08,1.17115e+07
934,1.07846e+08,1.86286e+08
936,2.45571e+08,1.86286e+08
938,7.38158e+06,1.86286e+08
940,6.29333e+08,1.86286e+08
940,6.29333e+08,4.79778e+07
940,6.29333e+08,29411.8
942,5.65333e+06,29411.8
944,4e+06,29411.8
944,4e+06,2.23951e+07
946,3.186e+08,2.23951e+07
948,3.80612e+06,2.23951e+07
948,3.80612e+06,1.28788e+07
950,3.95556e+06,1.28788e+07
952,4.45833e+06,1.28788e+07
954,8.27778e+06,1.28788e+07
956,4.52381e+06,1.28788e+07
956,4.52381e+06,6.75904e+06
955,4.52381e+06,5.13793e+06
957,1.05686e+07,5.13793e+06
957,1.05686e+07,8.66265e+06
957,1.05686e+07,3.82474e+06
956,1.05686e+07,1.67681e+07
958,1.12833e+08,1.67681e+07
958,1.12833e+08,2.65882e+07
958,1.12833e+08,6.92e+07
960,1.96154e+06,6.92e+07
960,1.96154e+06,2.56341e+07
962,5.81515e+07,2.56341e+07
964,2.84058e+07,2.56341e+07
966,1.13571e+07,2.56341e+07
963,1.13571e+07,9.64118e+07
965,1.06154e+08,9.64118e+07
963,1.06154e+08,2.24189e+07
965,2.42643e+08,2.24189e+07
964,2.42643e+08,3.59589e+07
966,1.75258e+06,3.59589e+07
968,2.96098e+07,3.59589e+07
968,2.96098e+07,8.03571e+06
970,3.23684e+07,8.03571e+06
970,3.23684e+07,1.81596e+07
970,3.23684e+07,5.05405e+06
970,3.23684e+07,7.8e+06
972,1.7899e+07,7.8e+06
972,1.7899e+07,5.44828e+06
972,1.7899e+07,4.38947e+07
971,1.7899e+07,4.7875e+07
969,1.7899e+07,4.71724e+07
971,5.32558e+07,4.71724e+07
971,5.32558e+07,2.30652e+07
973,1.01667e+07,2.30652e+07
975,7.15957e+06,2.30652e+07
977,3.45106e+07,2.30652e+07
977,3.45106e+07,3.55909e+07
977,3.45106e+07,6.87727e+07
979,6.11622e+07,6.87727e+07
979,6.11622e+07,7.33548e+07
979,6.11622e+07,2.14286e+07
981,8.6e+06,2.14286e+07
981,8.6e+06,1.63291e+06
983,2.35484e+06,1.63291e+06
985,7.51765e+06,1.63291e+06
987,3.97561e+07,1.63291e+06
989,3.50476e+07,1.63291e+06
989,3.50476e+07,9.2e+07
989,3.50476e+07,4.53465e+06
989,3.50476e+07,2.85e+07
991,4.15714e+07,2.85e+07
991,4.15714e+07,8.58333e+06
991,4.15714e+07,4.29412e+06
993,3.5e+06,4.29412e+06
993,3.5e+06,8.41379e+06
992,3.5e+06,2.47833e+07
994,7.604e+07,2.47833e+07
994,7.604e+07,4.1e+06
996,2.10319e+07,4.1e+06
996,2.10319e+07,7.26078e+07
998,6.72222e+06,7.26078e+07
998,6.72222e+06,5.2e+06
1000,1.05938e+08,5.2e+06
1000,1.05938e+08,1.11395e+07
1000,1.05938e+08,2.316e+07
1002,9.29091e+07,2.316e+07
1002,9.29091e+07,6.58333e+06
1001,9.29091e+07,6.34231e+07
1003,5.43158e+06,6.34231e+07
1005,3.07727e+07,6.34231e+07
1007,4.14737e+07,6.34231e+07
1009,705882,6.34231e+07
1011,1.13103e+07,6.34231e+07
1013,1.45e+07,6.34231e+07
1013,1.45e+07,3.65278e+07
1015,390977,3.65278e+07
1015,390977,772358
1017,500000,772358
1015,500000,3.83118e+07
1017,2.56557e+07,3.83118e+07
1017,2.56557e+07,5.44e+06
1019,1.93197e+06,5.44e+06
1021,3.18163e+07,5.44e+06
1021,3.18163e+07,2.88571e+07
1023,992308,2.88571e+07
1023,992308,4.41748e+06
1023,992308,1.4871e+07
1025,2.80203e+06,1.4871e+07
1027,1.89571e+06,1.4871e+07
1026,1.89571e+06,6.41818e+06
1025,1.89571e+06,1.48734e+07
1027,1.08144e+07,1.48734e+07
1029,3.33735e+06,1.48734e+07
1029,3.33735e+06,7.23894e+06
1031,324000,7.23894e+06
1033,4.91053e+06,7.23894e+06
1032,4.91053e+06,2.65405e+07
1034,1.1061e+07,2.65405e+07
1036,2.40851e+06,2.65405e+07
1038,1.28879e+06,2.65405e+07
1038,1.28879e+06,4.025e+07
1040,5.59829e+06,4.025e+07
1040,5.59829e+06,1.11525e+07
1040,5.59829e+06,2.0337e+07
1042,5.44118e+06,2.0337e+07
1044,6.85657e+06,2.0337e+07
1044,6.85657e+06,2.61628e+07
1044,6.85657e+06,3.10811e+07
1046,1.11546e+07,3.10811e+07
1048,4.59615e+06,3.10811e+07
1047,4.59615e+06,1.61875e+07
1049,2.19802e+06,1.61875e+07
1048,2.19802e+06,3.11379e+07
1048,2.19802e+06,2.58252e+06
1050,1.20847e+07,2.58252e+06
1049,1.20847e+07,1.89358e+07
1051,6.97945e+06,1.89358e+07
1051,6.97945e+06,1.69083e+08
1053,8.00862e+06,1.69083e+08
1055,1.00108e+07,1.69083e+08
1053,1.00108e+07,3.7119e+07
1055,1.12642e+07,3.7119e+07
1057,3.41784e+06,3.7119e+07
1057,3.41784e+06,9.1e+07
1059,5.17222e+06,9.1e+07
1059,5.17222e+06,1.49767e+07
1061,8.2266e+06,1.49767e+07
1063,1.50534e+06,1.49767e+07
1063,1.50534e+06,8.80247e+06
1063,1.50534e+06,9.96923e+06
1065,2.63051e+06,9.96923e+06
1067,6.0989e+06,9.96923e+06
1066,6.0989e+06,3.65441e+07
1068,1.00374e+07,3.65441e+07
1070,595833,3.65441e+07
1070,595833,2.98e+07
1072,5.30597e+06,2.98e+07
1074,4.27451e+06,2.98e+07
1076,103659,2.98e+07
1076,103659,4.56122e+06
1078,7.13605e+06,4.56122e+06
1078,7.13605e+06,2.37188e+07
1077,7.13605e+06,1.42733e+08
1079,1.42377e+07,1.42733e+08
1081,460227,1.42733e+08
1081,460227,1.77381e+06
1083,2.42791e+06,1.77381e+06
1083,2.42791e+06,1.82604e+07
1081,2.42791e+06,2.08679e+07
1083,2.73137e+07,2.08679e+07
1085,5.33577e+06,2.08679e+07
1085,5.33577e+06,1.19658e+06
1085,5.33577e+06,1.26087e+07
1084,5.33577e+06,1.77703e+07
1086,8.7e+06,1.77703e+07
1085,8.7e+06,1.72979e+07
1085,8.7e+06,1.80556e+06
1087,1.48081e+07,1.80556e+06
1087,1.48081e+07,4.85088e+06
1089,4.25714e+06,4.85088e+06
1091,685039,4.85088e+06
1093,1.85581e+06,4.85088e+06
1092,1.85581e+06,3.295e+07
1094,769953,3.295e+07
1094,769953,400000
1096,4.63333e+06,400000
1096,4.63333e+06,4.78986e+06
1096,4.63333e+06,3.55556e+06
1098,4.63176e+06,3.55556e+06
1098,4.63176e+06,2.10897e+07
1098,4.63176e+06,5.05714e+06
1100,4.68966e+06,5.05714e+06
1098,4.68966e+06,1.7438e+07
1100,2.16768e+07,1.7438e+07
1102,3.80978e+06,1.7438e+07
1102,3.80978e+06,2.57255e+07
1104,7.68966e+06,2.57255e+07
1103,7.68966e+06,7.13846e+07
1105,8.42657e+06,7.13846e+07
1105,8.42657e+06,7.0625e+06
1107,3.03082e+06,7.0625e+06
1107,3.03082e+06,3.53684e+07
1109,2.45128e+06,3.53684e+07
1111,3.00353e+06,3.53684e+07
1113,6.14008e+06,3.53684e+07
1112,6.14008e+06,1.24432e+07
1107,6.14008e+06,2.53061e+07
1109,1.49688e+08,2.53061e+07
1111,2.17647e+07,2.53061e+07
1111,2.17647e+07,7.93269e+06
1111,2.17647e+07,5.07561e+07
1113,1.18678e+07,5.07561e+07
1115,3.23204e+06,5.07561e+07
1115,3.23204e+06,2.31679e+06
1117,8.53757e+06,2.31679e+06
1117,8.53757e+06,4.15263e+07
1116,8.53757e+06,1.75288e+07
1118,9.46067e+06,1.75288e+07
1120,9.30534e+06,1.75288e+07
1119,9.30534e+06,2.93252e+07
1121,3.78041e+07,2.93252e+07
1117,3.78041e+07,3.75446e+07
1119,1.98039e+07,3.75446e+07
1121,1.52391e+07,3.75446e+07
1123,2.47059e+06,3.75446e+07
1123,2.47059e+06,652695
1125,6.0514e+06,652695
1125,6.0514e+06,8.34356e+06
1125,6.0514e+06,1.62973e+07
1127,1.73585e+06,1.62973e+07
1129,2.74532e+06,1.62973e+07
1129,2.74532e+06,2.14203e+07
1131,7.50237e+06,2.14203e+07
1133,1.02643e+07,2.14203e+07
1133,1.02643e+07,2.04737e+07
1135,3.00885e+06,2.04737e+07
1135,3.00885e+06,5.8995e+06
1134,3.00885e+06,3.54655e+07
1136,3.44179e+07,3.54655e+07
1138,5.45902e+06,3.54655e+07
1137,5.45902e+06,1.38125e+07
1139,1.86441e+06,1.38125e+07
1139,1.86441e+06,1.93617e+07
1141,5.21224e+06,1.93617e+07
1138,5.21224e+06,5.28462e+07
1140,7.42857e+06,5.28462e+07
1140,7.42857e+06,8.405e+07
1142,1.21676e+07,8.405e+07
1142,1.21676e+07,2.76353e+07
1142,1.21676e+07,145455
1144,4.5493e+06,145455
1144,4.5493e+06,234043
1144,4.5493e+06,5.12963e+06
1146,117021,5.12963e+06
1148,3.2554e+06,5.12963e+06
1150,3.50296e+06,5.12963e+06
1150,3.50296e+06,1.58036e+06
1150,3.50296e+06,3.92857e+07
1150,3.50296e+06,5.97e+07
1152,6.81967e+06,5.97e+07
1152,6.81967e+06,3.41085e+06
1152,6.81967e+06,2.62571e+07
1154,1.16311e+07,2.62571e+07
1154,1.16311e+07,7.43719e+06
1156,8.28931e+06,7.43719e+06
1155,8.28931e+06,2.24776e+07
1154,8.28931e+06,1.40185e+07
1152,8.28931e+06,4.10769e+06
1154,2.77436e+07,4.10769e+06
1156,1.35e+07,4.10769e+06
1156,1.35e+07,2.06744e+07
1158,1.875e+06,2.06744e+07
1158,1.875e+06,1.01333e+07
1160,1.23932e+06,1.01333e+07
1160,1.23932e+06,1.45082e+07
1162,6.83553e+06,1.45082e+07
1162,6.83553e+06,4.47143e+07
1164,4.63684e+06,4.47143e+07
1164,4.63684e+06,3.26047e+07
1166,119469,3.26047e+07
1168,7.15709e+06,3.26047e+07
1170,4.55621e+06,3.26047e+07
1170,4.55621e+06,576271
1170,4.55621e+06,2.73e+07
1170,4.55621e+06,5.2963e+06
1170,4.55621e+06,1.90889e+07
1172,7.20312e+06,1.90889e+07
1172,7.20312e+06,1.37286e+07
1172,7.20312e+06,4.22222e+06
1174,7.11792e+06,4.22222e+06
1169,7.11792e+06,3.31667e+08
1171,3.23333e+07,3.31667e+08
1173,1.19375e+08,3.31667e+08
1175,2.47619e+06,3.31667e+08
1175,2.47619e+06,2.27188e+07
1175,2.47619e+06,3.67677e+06
1175,2.47619e+06,1.08421e+07
1177,1.82261e+07,1.08421e+07
1177,1.82261e+07,1.45385e+07
1177,1.82261e+07,7.83019e+06
1179,3.6e+06,7.83019e+06
1181,668675,7.83019e+06
1183,1.20253e+06,7.83019e+06
1183,1.20253e+06,1.66071e+07
1183,1.20253e+06,5.08696e+06
1185,7.48305e+06,5.08696e+06
1185,7.48305e+06,7.48611e+06
1187,5.51464e+06,7.48611e+06
1187,5.51464e+06,425287
1189,1.39111e+06,425287
1191,3.5451e+06,425287
1189,3.5451e+06,1.95088e+07
1189,3.5451e+06,8.32353e+06
1191,4.38286e+07,8.32353e+06
1189,4.38286e+07,1.56855e+07
1189,4.38286e+07,370370
1189,4.38286e+07,1.78947e+06
1188,4.38286e+07,1.55294e+07
1190,1.24545e+07,1.55294e+07
1192,1.3618e+07,1.55294e+07
1194,2.35227e+06,1.55294e+07
1196,2.37829e+06,1.55294e+07
1190,2.37829e+06,2.13068e+07
1190,2.37829e+06,3.2587e+07
1192,3.14848e+07,3.2587e+07
1192,3.14848e+07,1.66538e+07
1191,3.14848e+07,2.20111e+07
1193,1.13558e+07,2.20111e+07
1195,2.1439e+07,2.20111e+07
1195,2.1439e+07,1.3813e+07
1197,1.36052e+06,1.3813e+07
1197,1.36052e+06,7.47771e+06
1195,1.36052e+06,3.47465e+06
1197,468085,3.47465e+06
1197,468085,7.85366e+06
1199,1.24346e+07,7.85366e+06
1198,1.24346e+07,3.12963e+07
1197,1.24346e+07,1.04524e+07
1199,2.70328e+07,1.04524e+07
1199,2.70328e+07,7.13889e+06
1199,2.70328e+07,1.26105e+07
1201,2.40659e+06,1.26105e+07
1203,1.81602e+06,1.26105e+07
1203,1.81602e+06,2.15789e+06
1205,1.05484e+07,2.15789e+06
1205,1.05484e+07,8.94615e+06
1205,1.05484e+07,9.09016e+06
1205,1.05484e+07,3.87402e+06
1207,211921,3.87402e+06
1209,3.07353e+06,3.87402e+06
1209,3.07353e+06,2.58738e+06
1211,1.20916e+07,2.58738e+06
1213,2.91221e+06,2.58738e+06
1212,2.91221e+06,1.61562e+07
1214,1.5411e+06,1.61562e+07
1214,1.5411e+06,8.09804e+06
1216,1.68205e+06,8.09804e+06
1218,686441,8.09804e+06
1217,686441,1.77736e+07
1219,1.53659e+07,1.77736e+07
1219,1.53659e+07,1.0881e+07
1221,2.53125e+06,1.0881e+07
1223,8.70988e+06,1.0881e+07
1223,8.70988e+06,8.21192e+06
1225,1.24398e+07,8.21192e+06
1218,1.24398e+07,1.81655e+07
1220,1.77143e+07,1.81655e+07
1222,1.375e+07,1.81655e+07
1221,1.375e+07,1.22158e+07
1223,4.26e+07,1.22158e+07
1223,4.26e+07,1.57805e+07
1223,4.26e+07,4.2377e+06
1225,4.77255e+06,4.2377e+06
1223,4.77255e+06,2.11327e+07
1225,1.70751e+07,2.11327e+07
1225,1.70751e+07,1.91471e+07
1225,1.70751e+07,3.03509e+06
1225,1.70751e+07,1.78235e+07
1227,3.64912e+06,1.78235e+07
1227,3.64912e+06,9.98e+06
1223,3.64912e+06,3.09694e+07
1225,1.84175e+07,3.09694e+07
1225,1.84175e+07,8.37273e+06
1227,5.70588e+06,8.37273e+06
1223,5.70588e+06,1.89645e+07
1225,1.51556e+07,1.89645e+07
1227,1.01522e+07,1.89645e+07
1223,1.01522e+07,2.94382e+07
1225,1.39875e+08,2.94382e+07
1225,1.39875e+08,6.3622e+06
1227,1.66364e+07,6.3622e+06
1227,1.66364e+07,1.01684e+07
1229,5.98222e+06,1.01684e+07
1231,4.84615e+06,1.01684e+07
1228,4.84615e+06,1.29419e+08
1230,1.30734e+07,1.29419e+08
1230,1.30734e+07,3.41232e+06
1232,1.69948e+07,3.41232e+06
1231,1.69948e+07,5.66829e+07
1233,7.00772e+06,5.66829e+07
1235,3.94872e+06,5.66829e+07
1233,3.94872e+06,2.69867e+07
1235,6.32381e+06,2.69867e+07
1234,6.32381e+06,1.07456e+07
1234,6.32381e+06,7.7619e+06
1236,3.33992e+06,7.7619e+06
1238,1.06829e+06,7.7619e+06
1237,1.06829e+06,2.46447e+07
1239,1.5177e+07,2.46447e+07
1238,1.5177e+07,9.95455e+06
1240,7.17308e+06,9.95455e+06
1242,2.13063e+06,9.95455e+06
1244,1.60687e+06,9.95455e+06
1243,1.60687e+06,1.13167e+08
1245,6.15247e+06,1.13167e+08
1244,6.15247e+06,1.4417e+06
1246,1.02155e+06,1.4417e+06
1246,1.02155e+06,2.73016e+06
1246,1.02155e+06,324561
1248,1.01071e+06,324561
1250,1.4958e+06,324561
1250,1.4958e+06,7.51402e+06
1252,9.23276e+06,7.51402e+06
1252,9.23276e+06,3.79111e+07
1254,1.61864e+06,3.79111e+07
1254,1.61864e+06,1.74074e+06
1256,307443,1.74074e+06
1258,528517,1.74074e+06
1260,531532,1.74074e+06
1262,1.74038e+06,1.74074e+06
1262,1.74038e+06,1.85676e+07
1260,1.74038e+06,1.68e+07
1260,1.74038e+06,8.06452e+06
1262,7.12281e+06,8.06452e+06
1264,7.04464e+06,8.06452e+06
1264,7.04464e+06,3.69796e+06
1266,1.33662e+07,3.69796e+06
1265,1.33662e+07,6.23009e+06
1265,1.33662e+07,1.6e+07
1267,2.66452e+06,1.6e+07
1269,2.58741e+06,1.6e+07
1266,2.58741e+06,3.68068e+07
1268,1.93162e+07,3.68068e+07
1268,1.93162e+07,2.875e+06
1267,1.93162e+07,9.91852e+06
1267,1.93162e+07,968000
1269,9.73103e+06,968000
1269,9.73103e+06,4.10059e+06
1267,9.73103e+06,5.91386e+06
1269,1.04076e+07,5.91386e+06
1268,1.04076e+07,4.59545e+06
1270,534884,4.59545e+06
1272,349442,4.59545e+06
1274,5.42446e+06,4.59545e+06
1276,27888.4,4.59545e+06
1278,8.64898e+06,4.59545e+06
1270,8.64898e+06,3.6131e+07
1272,2.82833e+07,3.6131e+07
1274,7.11364e+06,3.6131e+07
1274,7.11364e+06,1.90756e+06
1276,3.20625e+07,1.90756e+06
1274,3.20625e+07,9.12e+07
1276,9.05e+07,9.12e+07
1276,9.05e+07,3.255e+07
1278,9.99574e+06,3.255e+07
1278,9.99574e+06,1.17628e+07
1280,1.11443e+06,1.17628e+07
1282,4.42905e+06,1.17628e+07
1282,4.42905e+06,103704
1284,1.93352e+06,103704
1278,1.93352e+06,3.01293e+07
1280,4.23704e+06,3.01293e+07
1280,4.23704e+06,4.48214e+06
1282,4.57322e+06,4.48214e+06
1284,3.90187e+06,4.48214e+06
1286,3.69565e+06,4.48214e+06
1285,3.69565e+06,1.2914e+07
1285,3.69565e+06,500000
1287,1.03077e+07,500000
1289,2.21569e+06,500000
1291,6.77049e+06,500000
1287,6.77049e+06,3.9835e+07
1289,2.91642e+07,3.9835e+07
1288,2.91642e+07,3.58222e+07
1290,1.62589e+07,3.58222e+07
1290,1.62589e+07,7.6875e+06
1292,1.57787e+06,7.6875e+06
1291,1.57787e+06,1.52727e+07
1290,1.57787e+06,7.232e+06
1290,1.57787e+06,127907
1290,1.57787e+06,6.88525e+06
1290,1.57787e+06,4.0303e+06
1292,1.75278e+07,4.0303e+06
1291,1.75278e+07,8.08235e+07
1291,1.75278e+07,2.65714e+06
1293,1.12579e+06,2.65714e+06
1295,744604,2.65714e+06
1297,7.9235e+06,2.65714e+06
1296,7.9235e+06,1.28286e+07
1296,7.9235e+06,9e+06
1298,4.02632e+06,9e+06
1300,2.39689e+06,9e+06
1300,2.39689e+06,1.53529e+06
1302,2.89879e+06,1.53529e+06
1301,2.89879e+06,2.46222e+07
1303,4.84579e+06,2.46222e+07
1305,2.5e+06,2.46222e+07
1303,2.5e+06,1.54933e+07
1303,2.5e+06,6.11029e+06
1305,7.60795e+06,6.11029e+06
1307,1.5e+06,6.11029e+06
1307,1.5e+06,2.09048e+07
1309,6.74074e+06,2.09048e+07
1305,6.74074e+06,6.46818e+07
1307,1.18412e+08,6.46818e+07
1309,1.03462e+07,6.46818e+07
1309,1.03462e+07,400943
1309,1.03462e+07,1.46557e+07
1311,9.96196e+06,1.46557e+07
1311,9.96196e+06,1.49192e+07
1313,5.77328e+06,1.49192e+07
1313,5.77328e+06,1.05955e+07
1315,756410,1.05955e+07
1315,756410,1.36667e+07
1317,1.21736e+07,1.36667e+07
1315,1.21736e+07,6.8e+07
1317,8.21014e+06,6.8e+07
1317,8.21014e+06,1.76615e+07
1319,1.06811e+06,1.76615e+07
1321,5.97166e+06,1.76615e+07
1320,5.97166e+06,6.26009e+06
1322,9.59565e+06,6.26009e+06
1318,9.59565e+06,1.52663e+07
1320,2.65213e+07,1.52663e+07
1320,2.65213e+07,1.89595e+07
1320,2.65213e+07,9.79032e+06
1322,3.65143e+06,9.79032e+06
1324,5.53211e+06,9.79032e+06
1324,5.53211e+06,2.04464e+07
1320,5.53211e+06,2.048e+07
1322,5.61622e+06,2.048e+07
1324,2.23667e+08,2.048e+07
1324,2.23667e+08,1.13186e+07
1326,4.36709e+06,1.13186e+07
1326,4.36709e+06,8.5125e+06
1328,3.30833e+06,8.5125e+06
1330,1.0082e+07,8.5125e+06
1329,1.0082e+07,1.64854e+07
1331,1.64685e+06,1.64854e+07
1331,1.64685e+06,4.11111e+06
1333,7.70213e+06,4.11111e+06
1333,7.70213e+06,2.81006e+06
1332,7.70213e+06,1.92377e+07
1334,5.57422e+06,1.92377e+07
1336,8.04054e+06,1.92377e+07
1336,8.04054e+06,4.43011e+06
1336,8.04054e+06,185185
1338,631579,185185
1340,6.09766e+06,185185
1339,6.09766e+06,2.90492e+07
1339,6.09766e+06,4.60227e+06
1341,3.01608e+06,4.60227e+06
1343,8.5561e+06,4.60227e+06
1341,8.5561e+06,1.92771e+07
1343,8.97849e+06,1.92771e+07
1345,2.5e+06,1.92771e+07
1344,2.5e+06,9.81667e+07
1344,2.5e+06,8.11504e+06
1344,2.5e+06,2.22895e+07
1346,1.59217e+07,2.22895e+07
1346,1.59217e+07,5.68852e+06
1348,1.05714e+06,5.68852e+06
1350,3.98958e+06,5.68852e+06
1352,1.56746e+06,5.68852e+06
1350,1.56746e+06,5.10571e+07
1349,1.56746e+06,6.77473e+06
1351,8.37019e+06,6.77473e+06
1351,8.37019e+06,789855
1353,500000,789855
1355,3.58475e+06,789855
1355,3.58475e+06,2.07297e+07
1357,2.90764e+06,2.07297e+07
1357,2.90764e+06,3.16333e+07
1359,1.25e+06,3.16333e+07
1359,1.25e+06,1.02671e+07
1361,1.20483e+07,1.02671e+07
1361,1.20483e+07,1.27273e+07
1363,40146,1.27273e+07
1363,40146,1.19231e+06
1365,5.42915e+06,1.19231e+06
1364,5.42915e+06,8.73913e+06
1366,5.25532e+06,8.73913e+06
1363,5.25532e+06,4.64286e+06
1363,5.25532e+06,4.55072e+06
1365,8.59259e+06,4.55072e+06
1367,5.77778e+06,4.55072e+06
1369,2.93689e+06,4.55072e+06
1369,2.93689e+06,8.92405e+06
1369,2.93689e+06,1.29429e+07
1371,581081,1.29429e+07
1371,581081,3.20833e+06
1373,2.65854e+06,3.20833e+06
1375,616129,3.20833e+06
1375,616129,1.30789e+07
1375,616129,1.23214e+06
1377,4.675e+06,1.23214e+06
1377,4.675e+06,720000
1376,4.675e+06,1.36918e+07
1378,894118,1.36918e+07
1380,4.8593e+06,1.36918e+07
1380,4.8593e+06,2.60294e+07
1381,6.26882e+06,2.60294e+07
1377,6.26882e+06,2.31744e+07
1379,7.9761e+06,2.31744e+07
1374,7.9761e+06,1.15246e+07
1376,2.61754e+07,1.15246e+07
1376,2.61754e+07,466667
1376,2.61754e+07,1.16319e+07
1378,2.83843e+06,1.16319e+07
1378,2.83843e+06,1.1371e+06
1380,4.08627e+06,1.1371e+06
1379,4.08627e+06,7.17742e+06
1381,1.8806e+06,7.17742e+06
1381,1.8806e+06,327273
1383,3.95506e+06,327273
1378,3.95506e+06,5.98276e+06
1380,2.1458e+07,5.98276e+06
1378,2.1458e+07,4.51667e+07
1380,909836,4.51667e+07
1382,1.5e+06,4.51667e+07
1380,1.5e+06,1.64175e+07
1382,1.7271e+07,1.64175e+07
1384,4.71296e+06,1.64175e+07
1378,4.71296e+06,3.8e+07
1377,4.71296e+06,1.20818e+08
1379,1.36045e+08,1.20818e+08
1378,1.36045e+08,3.48108e+07
1378,1.36045e+08,4.21818e+06
1380,2.1314e+07,4.21818e+06
1380,2.1314e+07,5.05208e+06
1380,2.1314e+07,2.825e+07
1382,2.70455e+06,2.825e+07
1382,2.70455e+06,1.25e+07
1382,2.70455e+06,2.016e+06
1375,2.70455e+06,1.25039e+07
1377,2.00686e+07,1.25039e+07
1379,1.52353e+07,1.25039e+07
1379,1.52353e+07,1.01782e+07
1379,1.52353e+07,2.34211e+06
1381,2.78648e+06,2.34211e+06
1383,5.77922e+06,2.34211e+06
1383,5.77922e+06,4.40667e+06
1385,3.49412e+06,4.40667e+06
1385,3.49412e+06,2.875e+07
1387,9.25333e+06,2.875e+07
1389,9.32847e+06,2.875e+07
1383,9.32847e+06,4.96389e+07
1383,9.32847e+06,7.80392e+06
1385,1.20143e+08,7.80392e+06
1385,1.20143e+08,2.02817e+06
1387,3.504e+06,2.02817e+06
1386,3.504e+06,7.76515e+06
1388,1.44689e+06,7.76515e+06
1390,9.64085e+06,7.76515e+06
1389,9.64085e+06,2.25082e+07
1391,5.10698e+06,2.25082e+07
1391,5.10698e+06,847222
1391,5.10698e+06,7.06667e+06
1393,765217,7.06667e+06
1393,765217,3.25333e+07
1395,1.56584e+07,3.25333e+07
1395,1.56584e+07,1.8566e+07
1397,658537,1.8566e+07
1397,658537,1.13861e+06
1397,658537,1.21127e+07
1397,658537,9.24211e+06
1396,658537,2.05634e+06
1398,887719,2.05634e+06
1396,887719,2.73457e+07
1398,7.28169e+06,2.73457e+07
1400,6.31609e+06,2.73457e+07
1400,6.31609e+06,5.67391e+06
1402,4.38776e+06,5.67391e+06
1402,4.38776e+06,5.03659e+06
1402,4.38776e+06,1.2e+07
1404,1.67073e+06,1.2e+07
1404,1.67073e+06,2.97273e+06
1402,1.67073e+06,7.06579e+06
1404,2.26515e+06,7.06579e+06
1406,1.06059e+07,7.06579e+06
1404,1.06059e+07,8.77311e+06
1403,1.06059e+07,2.5625e+06
1405,3.30235e+07,2.5625e+06
1404,3.30235e+07,2.08843e+07
1406,3.988e+06,2.08843e+07
1406,3.988e+06,5.08667e+07
1408,1.07911e+06,5.08667e+07
1410,5.37857e+06,5.08667e+07
1410,5.37857e+06,8.67742e+06
1410,5.37857e+06,4.9469e+06
1412,4.51256e+06,4.9469e+06
1412,4.51256e+06,1.4087e+06
1414,3.30732e+06,1.4087e+06
1416,1.95817e+06,1.4087e+06
1418,2.26977e+06,1.4087e+06
1418,2.26977e+06,1.13516e+07
1420,635802,1.13516e+07
1420,635802,3.15e+06
1420,635802,2.60952e+06
1420,635802,6.07921e+06
1422,7.39645e+06,6.07921e+06
1424,3.9878e+06,6.07921e+06
1424,3.9878e+06,7.36585e+06
1424,3.9878e+06,673077
1423,3.9878e+06,8.79487e+06
1423,3.9878e+06,1.23973e+07
1425,2.84273e+07,1.23973e+07
1423,2.84273e+07,1.27773e+07
1425,5.20207e+06,1.27773e+07
1427,1.16835e+06,1.27773e+07
1427,1.16835e+06,2.00769e+07
1429,4.00714e+06,2.00769e+07
1431,1.47131e+06,2.00769e+07
1431,1.47131e+06,7.34286e+06
1433,2.20513e+06,7.34286e+06
1435,835052,7.34286e+06
1437,615960,7.34286e+06
1437,615960,6.64583e+06
1437,615960,3.44199e+06
1439,864686,3.44199e+06
1441,1.00145e+07,3.44199e+06
1440,1.00145e+07,5e+06
1440,1.00145e+07,1.92857e+06
1442,4.78289e+06,1.92857e+06
1436,4.78289e+06,7.43935e+06
1438,8.28155e+06,7.43935e+06
1440,8.26829e+06,7.43935e+06
1439,8.26829e+06,6.25814e+07
1441,1.05699e+07,6.25814e+07
1440,1.05699e+07,2.12329e+06
1442,4.70849e+06,2.12329e+06
1442,4.70849e+06,4.6044e+06
1439,4.70849e+06,1.04802e+07
1441,1.66495e+07,1.04802e+07
1440,1.66495e+07,1.05948e+07
1442,7.58824e+06,1.05948e+07
1434,7.58824e+06,1.36327e+07
1436,1.36835e+07,1.36327e+07
1436,1.36835e+07,1.11207e+06
1438,3.82432e+06,1.11207e+06
1440,702290,1.11207e+06
1442,560241,1.11207e+06
1444,1.77124e+06,1.11207e+06
1443,1.77124e+06,9.69925e+06
1445,9.12432e+06,9.69925e+06
1444,9.12432e+06,6.56291e+06
1446,1.75888e+07,6.56291e+06
1442,1.75888e+07,1.06819e+07
1444,6.53012e+06,1.06819e+07
1444,6.53012e+06,2.50235e+06
1446,1.41199e+06,2.50235e+06
1445,1.41199e+06,2.80928e+06
1447,3.44118e+06,2.80928e+06
1446,3.44118e+06,3.92754e+06
1441,3.44118e+06,2.02584e+07
1443,2.55263e+07,2.02584e+07
1443,2.55263e+07,1.36957e+07
1445,2.62927e+07,1.36957e+07
1441,2.62927e+07,1.05975e+07
1443,6.02419e+06,1.05975e+07
1443,6.02419e+06,2.40833e+07
1445,1.84333e+06,2.40833e+07
1445,1.84333e+06,6.39394e+06
1444,1.84333e+06,5.76891e+06
1446,1.89531e+06,5.76891e+06
1448,289593,5.76891e+06
1450,5.44706e+06,5.76891e+06
1452,8.87179e+06,5.76891e+06
1451,8.87179e+06,2.12517e+07
1453,5.9319e+06,2.12517e+07
1447,5.9319e+06,6.17848e+06
1449,4.23109e+06,6.17848e+06
1451,5.43404e+06,6.17848e+06
1451,5.43404e+06,2.41589e+06
1451,5.43404e+06,2.22222e+06
1453,1.02467e+07,2.22222e+06
1453,1.02467e+07,1.32639e+06
1453,1.02467e+07,5.71329e+06
1455,27027,5.71329e+06
1455,27027,2.14054e+07
1455,27027,5.91667e+07
1457,6.00619e+06,5.91667e+07
1456,6.00619e+06,6.31907e+06
1458,2.17325e+06,6.31907e+06
1460,987730,6.31907e+06
1460,987730,6.48171e+06
1458,987730,6.83137e+06
1460,1.02172e+07,6.83137e+06
1460,1.02172e+07,6.09877e+06
1462,1.94845e+06,6.09877e+06
1464,1.52564e+06,6.09877e+06
1464,1.52564e+06,1.15868e+07
1466,4.84e+06,1.15868e+07
1468,1.85882e+06,1.15868e+07
1463,1.85882e+06,2.65e+07
1462,1.85882e+06,1.40952e+06
1464,7.28e+06,1.40952e+06
1466,8.36885e+06,1.40952e+06
1468,2.4537e+06,1.40952e+06
1470,818182,1.40952e+06
1470,818182,209302
1470,818182,1.96102e+07
1470,818182,9.68939e+06
1472,9.04945e+06,9.68939e+06
1472,9.04945e+06,3.18563e+06
1472,9.04945e+06,1.04255e+06
1471,9.04945e+06,2.67886e+06
1473,9.76585e+06,2.67886e+06
1475,1.22781e+07,2.67886e+06
1474,1.22781e+07,6.07109e+06
1472,1.22781e+07,2.05702e+07
1474,7.28636e+07,2.05702e+07
1474,7.28636e+07,283951
1476,6.32627e+06,283951
1473,6.32627e+06,1.89389e+07
1475,1.43e+07,1.89389e+07
1477,1.98122e+06,1.89389e+07
1475,1.98122e+06,2.21739e+07
1477,3.60488e+06,2.21739e+07
1479,921488,2.21739e+07
1481,2.18328e+06,2.21739e+07
1480,2.18328e+06,7.26531e+06
1482,400000,7.26531e+06
1484,1.34392e+07,7.26531e+06
1476,1.34392e+07,3.76889e+07
1478,1.405e+07,3.76889e+07
1478,1.405e+07,227586
1476,1.405e+07,1.4812e+07
1478,1.55191e+07,1.4812e+07
1477,1.55191e+07,6.8961e+06
1476,1.55191e+07,3.93158e+07
1478,5.4557e+06,3.93158e+07
1478,5.4557e+06,138889
1478,5.4557e+06,2.375e+06
1480,6.35849e+06,2.375e+06
1482,1.94969e+06,2.375e+06
1484,2.88e+06,2.375e+06
1482,2.88e+06,5.19162e+06
1482,2.88e+06,4.76724e+06
1484,1.11233e+07,4.76724e+06
1484,1.11233e+07,2.6601e+06
1484,1.11233e+07,4.10072e+06
1484,1.11233e+07,4.63816e+06
1484,1.11233e+07,2.25952e+07
1486,5.86928e+06,2.25952e+07
1482,5.86928e+06,1.30071e+07
1484,1.75926e+07,1.30071e+07
1486,1.73611e+06,1.30071e+07
1488,483871,1.30071e+07
1490,108209,1.30071e+07
1490,108209,4.15847e+06
1492,4.61538e+06,4.15847e+06
1494,6.45773e+06,4.15847e+06
1493,6.45773e+06,1.78112e+07
1493,6.45773e+06,5.37313e+06
1493,6.45773e+06,233645
1492,6.45773e+06,1.6375e+07
1494,2.48e+06,1.6375e+07
1496,8.25243e+06,1.6375e+07
1496,8.25243e+06,7.7e+07
1496,8.25243e+06,3.79885e+06
1498,1.41967e+06,3.79885e+06
1500,183673,3.79885e+06
1500,183673,746835
1502,1.2774e+06,746835
1504,2.76604e+06,746835
1504,2.76604e+06,9.328e+06
1506,1.43262e+06,9.328e+06
1506,1.43262e+06,5.16964e+06
1508,300353,5.16964e+06
1507,300353,4.67717e+06
1509,7.41969e+06,4.67717e+06
1511,109375,4.67717e+06
1509,109375,1.09185e+07
1511,7e+06,1.09185e+07
1513,1.80882e+06,1.09185e+07
1515,1.92258e+06,1.09185e+07
1517,3.85657e+06,1.09185e+07
1515,3.85657e+06,5.8601e+06
1517,5.39196e+06,5.8601e+06
1517,5.39196e+06,4.22222e+07
1519,2.95804e+06,4.22222e+07
1518,2.95804e+06,6.09709e+06
1518,2.95804e+06,1.42162e+07
1520,4.60784e+06,1.42162e+07
1522,7.75887e+06,1.42162e+07
1517,7.75887e+06,1.14033e+07
1519,2.03759e+06,1.14033e+07
1517,2.03759e+06,2.54471e+07
1519,6.46452e+06,2.54471e+07
1521,2.11327e+06,2.54471e+07
1523,3.77455e+06,2.54471e+07
1523,3.77455e+06,5.68947e+07
1520,3.77455e+06,2.66286e+07
1522,2.00235e+07,2.66286e+07
1519,2.00235e+07,6.66667e+06
1521,5.10938e+06,6.66667e+06
1517,5.10938e+06,1.49741e+07
1519,1.49832e+07,1.49741e+07
1518,1.49832e+07,3.486e+08
1520,1.12469e+07,3.486e+08
1522,3.07764e+06,3.486e+08
1521,3.07764e+06,1.56706e+07
1523,2.54138e+07,1.56706e+07
1522,2.54138e+07,2.07288e+07
1524,2.80714e+06,2.07288e+07
1524,2.80714e+06,3.64198e+06
1526,3.28916e+06,3.64198e+06
1526,3.28916e+06,1.62121e+06
1526,3.28916e+06,1.90714e+06
1528,2.13725e+06,1.90714e+06
1530,943396,1.90714e+06
1530,943396,1.76136e+07
1532,1.21118e+07,1.76136e+07
1528,1.21118e+07,1.61633e+07
1530,3.01167e+07,1.61633e+07
1530,3.01167e+07,8.55714e+06
1532,2.59659e+06,8.55714e+06
1532,2.59659e+06,2.19095e+06
1532,2.59659e+06,1.16957e+07
1534,1.68013e+07,1.16957e+07
1534,1.68013e+07,7.17742e+06
1534,1.68013e+07,505348
1536,4.55469e+06,505348
1535,4.55469e+06,3.52697e+06
1535,4.55469e+06,7.38136e+06
1537,8.00873e+06,7.38136e+06
1535,8.00873e+06,1.8082e+07
1535,8.00873e+06,7.93893e+06
1535,8.00873e+06,2.61111e+06
1537,6.57471e+06,2.61111e+06
1537,6.57471e+06,4.125e+07
1539,8.00965e+06,4.125e+07
1534,8.00965e+06,4.6678e+07
1536,8.53425e+06,4.6678e+07
1538,8.98462e+06,4.6678e+07
1538,8.98462e+06,7.52344e+06
1540,6.50877e+06,7.52344e+06
1542,599099,7.52344e+06
1540,599099,2.98776e+07
1542,8.20796e+06,2.98776e+07
1544,723404,2.98776e+07
1542,723404,6.06838e+06
1544,8.17404e+06,6.06838e+06
1544,8.17404e+06,7.40517e+06
1542,8.17404e+06,1.16693e+07
1542,8.17404e+06,86065.6
1544,8.08989e+06,86065.6
1541,8.08989e+06,5.2541e+07
1543,1.86446e+07,5.2541e+07
1543,1.86446e+07,2.54082e+06
1540,1.86446e+07,1.03893e+07
1542,1.325e+07,1.03893e+07
1544,4.61494e+06,1.03893e+07
1541,4.61494e+06,6.8375e+06
1543,1.11745e+07,6.8375e+06
1541,1.11745e+07,2.04328e+07
1543,2.16197e+06,2.04328e+07
1545,2.52206e+06,2.04328e+07
1547,1.06897e+06,2.04328e+07
1547,1.06897e+06,4.78286e+06
1549,6.35586e+06,4.78286e+06
1548,6.35586e+06,9.51121e+06
1550,5.61463e+06,9.51121e+06
1546,5.61463e+06,6.27863e+06
1548,9.1784e+06,6.27863e+06
1548,9.1784e+06,5.63953e+06
1548,9.1784e+06,5.51852e+06
1550,3.3538e+06,5.51852e+06
1550,3.3538e+06,1.71008e+06
1552,3.22656e+06,1.71008e+06
1552,3.22656e+06,2.73233e+06
1554,2.23954e+06,2.73233e+06
1556,1.80597e+06,2.73233e+06
1556,1.80597e+06,1.2519e+07
1558,2.25121e+06,1.2519e+07
1558,2.25121e+06,826087
1560,2.01767e+06,826087
1562,201166,826087
1562,201166,1.88333e+08
1564,3.01479e+06,1.88333e+08
1566,6.72908e+06,1.88333e+08
1566,6.72908e+06,7.84153e+06
1566,6.72908e+06,5.20652e+06
1566,6.72908e+06,3.05263e+06
1568,4.31628e+06,3.05263e+06
1568,4.31628e+06,5.85294e+06
1570,4.47536e+06,5.85294e+06
1570,4.47536e+06,8.08784e+06
1572,9.65487e+06,8.08784e+06
1571,9.65487e+06,2.18681e+07
1573,8.9619e+06,2.18681e+07
1571,8.9619e+06,1.13511e+07
1573,4.64931e+06,1.13511e+07
1573,4.64931e+06,1.6925e+07
1575,388889,1.6925e+07
1577,1.88933e+07,1.6925e+07
1577,1.88933e+07,2.06061e+06
1576,1.88933e+07,1.91845e+07
1578,2.36994e+06,1.91845e+07
1580,5.24896e+06,1.91845e+07
1582,396887,1.91845e+07
1582,396887,1.09569e+07
1580,396887,3.76757e+07
1582,7.9e+06,3.76757e+07
1584,4.68358e+06,3.76757e+07
1586,1.55488e+06,3.76757e+07
1584,1.55488e+06,9.27225e+06
1584,1.55488e+06,3.77083e+06
1586,3.96407e+06,3.77083e+06
1586,3.96407e+06,3.28302e+06
1586,3.96407e+06,1.1962e+06
1588,6.45059e+06,1.1962e+06
1586,6.45059e+06,1.95903e+07
1588,6.03784e+06,1.95903e+07
1590,1.49378e+06,1.95903e+07
1592,2.025e+06,1.95903e+07
1594,2.34061e+06,1.95903e+07
1592,2.34061e+06,3.95e+06
1594,1.7971e+06,3.95e+06
1596,5.69767e+06,3.95e+06
1594,5.69767e+06,1.40152e+07
1596,7.955e+06,1.40152e+07
1596,7.955e+06,2.68421e+06
1595,7.955e+06,2.92478e+06
1595,7.955e+06,7.79641e+06
1597,9.85827e+06,7.79641e+06
1597,9.85827e+06,2.40909e+06
1597,9.85827e+06,1.06202e+06
1599,726027,1.06202e+06
1601,141414,1.06202e+06
1601,141414,4.49765e+06
1603,1.08653e+07,4.49765e+06
1595,1.08653e+07,5.244e+07
1595,1.08653e+07,8.85185e+06
1597,1.50929e+07,8.85185e+06
1595,1.50929e+07,1.73137e+07
1597,9.9802e+06,1.73137e+07
1597,9.9802e+06,3.402e+07
1599,5.59341e+06,3.402e+07
1601,2.00746e+06,3.402e+07
1600,2.00746e+06,5.375e+06
1600,2.00746e+06,4.19863e+06
1602,9.26087e+06,4.19863e+06
1602,9.26087e+06,1.5e+06
1602,9.26087e+06,2.22222e+06
1602,9.26087e+06,1.61376e+06
1600,9.26087e+06,2.37176e+07
1602,2.21477e+07,2.37176e+07
1601,2.21477e+07,1.31385e+07
1603,1.37692e+07,1.31385e+07
1601,1.37692e+07,8.96373e+06
1603,9.29327e+06,8.96373e+06
1603,9.29327e+06,3.02134e+06
1605,5.20379e+06,3.02134e+06
1604,5.20379e+06,1.15432e+07
1604,5.20379e+06,4.80451e+06
1604,5.20379e+06,5.9697e+06
1606,2.60927e+06,5.9697e+06
1608,5.54808e+06,5.9697e+06
1610,414062,5.9697e+06
1610,414062,333333
1608,414062,5.2383e+06
1602,414062,2.882e+07
1604,8.52174e+06,2.882e+07
1606,1.70721e+06,2.882e+07
1608,3.29085e+06,2.882e+07
1603,3.29085e+06,2.28952e+07
1605,2.09892e+07,2.28952e+07
1607,8.87687e+06,2.28952e+07
1596,8.87687e+06,1.34404e+07
1598,1.25191e+07,1.34404e+07
1598,1.25191e+07,5.2e+06
1600,8.11176e+06,5.2e+06
1600,8.11176e+06,1.34507e+07
1598,8.11176e+06,3.232e+07
1600,1.23661e+07,3.232e+07
1596,1.23661e+07,2.75127e+07
1598,2.4322e+07,2.75127e+07
1600,1.00873e+07,2.75127e+07
1600,1.00873e+07,4.384e+06
1599,1.00873e+07,6.05839e+06
1601,1.04054e+07,6.05839e+06
1599,1.04054e+07,8.59507e+06
1599,1.04054e+07,393519
1601,1.22667e+07,393519
1597,1.22667e+07,2.29825e+07
1597,1.22667e+07,166667
1599,4.56716e+06,166667
1599,4.56716e+06,1.36774e+06
1601,373134,1.36774e+06
1599,373134,7.86364e+06
1601,3.44444e+06,7.86364e+06
1603,2.48246e+06,7.86364e+06
1603,2.48246e+06,2.90303e+06
1600,2.48246e+06,2.95362e+07
1602,1.18842e+08,2.95362e+07
1604,73770.5,2.95362e+07
1603,73770.5,1.46995e+06
1603,73770.5,2.3221e+06
1605,6.95172e+06,2.3221e+06
1599,6.95172e+06,1.40345e+07
1601,1.10741e+07,1.40345e+07
1603,4.86719e+06,1.40345e+07
1605,8.67273e+06,1.40345e+07
1604,8.67273e+06,9.14674e+06
1606,3.87124e+06,9.14674e+06
1606,3.87124e+06,1.13971e+07
1608,3.93455e+06,1.13971e+07
1610,2.13149e+06,1.13971e+07
1612,1.53459e+06,1.13971e+07
1611,1.53459e+06,3.31786e+07
1613,1.06965e+07,3.31786e+07
1613,1.06965e+07,1.53333e+06
1615,759091,1.53333e+06
1609,759091,9.74648e+06
1611,1.8125e+07,9.74648e+06
1613,3.58571e+07,9.74648e+06
1608,3.58571e+07,3.00632e+07
1608,3.58571e+07,3.94872e+06
1606,3.58571e+07,6.98824e+07
1608,7.64286e+06,6.98824e+07
1610,1.712e+07,6.98824e+07
1609,1.712e+07,1.89875e+07
1611,6.58962e+06,1.89875e+07
1611,6.58962e+06,3.49057e+06
1611,6.58962e+06,6.82653e+06
1613,1.188e+06,6.82653e+06
1615,1.87059e+06,6.82653e+06
1613,1.87059e+06,1.77412e+07
1615,3.19524e+06,1.77412e+07
1615,3.19524e+06,2.27381e+06
1617,105263,2.27381e+06
1617,105263,1.16172e+07
1619,2.88214e+06,1.16172e+07
1621,3.31e+06,1.16172e+07
1621,3.31e+06,1.64828e+07
1621,3.31e+06,3.84694e+06
1623,3.74706e+06,3.84694e+06
1625,4.62698e+06,3.84694e+06
1621,4.62698e+06,7.06215e+06
1623,4.05056e+06,7.06215e+06
1622,4.05056e+06,8.72043e+06
1622,4.05056e+06,1.598e+07
1624,6.27875e+06,1.598e+07
1626,2.35514e+06,1.598e+07
1626,2.35514e+06,1.03879e+07
1628,3.69178e+06,1.03879e+07
1630,2.33591e+06,1.03879e+07
1629,2.33591e+06,4.19286e+06
1628,2.33591e+06,4.92797e+06
1630,7.45055e+06,4.92797e+06
1632,3.54167e+06,4.92797e+06
1632,3.54167e+06,8.14674e+06
1627,3.54167e+06,4.90407e+06
1629,1.91765e+07,4.90407e+06
1631,1.20645e+07,4.90407e+06
1633,4.12313e+06,4.90407e+06
1630,4.12313e+06,3.14973e+06
1632,5.86131e+06,3.14973e+06
1632,5.86131e+06,3.2967e+06
1634,9.80526e+06,3.2967e+06
1632,9.80526e+06,1.18731e+07
1634,2.06038e+06,1.18731e+07
1634,2.06038e+06,1.62963e+06
1633,2.06038e+06,5.14815e+06
1635,1.63e+07,5.14815e+06
1632,1.63e+07,1.87419e+07
1634,8.64103e+06,1.87419e+07
1634,8.64103e+06,6.55814e+06
1636,6.48148e+06,6.55814e+06
1638,4.68293e+06,6.55814e+06
1632,4.68293e+06,1.89306e+07
1634,5.97407e+07,1.89306e+07
1634,5.97407e+07,1.63975e+06
1632,5.97407e+07,2.04622e+07
1632,5.97407e+07,4.18254e+06
1634,5.16852e+07,4.18254e+06
1632,5.16852e+07,3.23922e+07
1634,2.68182e+07,3.23922e+07
1632,2.68182e+07,1.66667e+06
1631,2.68182e+07,1.55949e+07
1630,2.68182e+07,1.36364e+06
1632,1.33125e+08,1.36364e+06
1632,1.33125e+08,2.17692e+06
1632,1.33125e+08,587755
1634,7.95192e+06,587755
1633,7.95192e+06,5.5444e+06
1633,7.95192e+06,4.20492e+06
1635,5.56934e+06,4.20492e+06
1635,5.56934e+06,4.95294e+06
1637,3.17788e+06,4.95294e+06
1634,3.17788e+06,5.7381e+06
1636,1.70588e+06,5.7381e+06
1638,5.52778e+06,5.7381e+06
1636,5.52778e+06,3.93256e+07
1636,5.52778e+06,548544
1638,2.9875e+06,548544
1640,473118,548544
1642,1.80905e+06,548544
1642,1.80905e+06,8.19271e+06
1644,2.89947e+06,8.19271e+06
1646,2.29431e+06,8.19271e+06
1646,2.29431e+06,4.94595e+06
1643,2.29431e+06,2.31122e+06
1643,2.29431e+06,2.74603e+06
1645,1.27941e+07,2.74603e+06
1647,2.12179e+06,2.74603e+06
1645,2.12179e+06,5.56115e+06
1644,2.12179e+06,1.39528e+07
1642,2.12179e+06,3e+06
1644,1.02364e+07,3e+06
1643,1.02364e+07,5.6014e+06
1645,4.57325e+06,5.6014e+06
1645,4.57325e+06,4.41418e+06
1643,4.57325e+06,4.24413e+06
1645,7.1058e+06,4.24413e+06
1644,7.1058e+06,6.61489e+06
1646,1.40833e+07,6.61489e+06
1646,1.40833e+07,7.04444e+07
1648,889680,7.04444e+07
1650,1.52101e+07,7.04444e+07
1650,1.52101e+07,1.15e+07
1652,2.17714e+06,1.15e+07
1654,2.47805e+06,1.15e+07
1650,2.47805e+06,7.31481e+06
1648,2.47805e+06,2.0037e+07
1650,1.03243e+07,2.0037e+07
1650,1.03243e+07,3.1413e+06
1648,1.03243e+07,1.58382e+07
1648,1.03243e+07,1.74661e+06
1648,1.03243e+07,775330
1650,3.79524e+07,775330
1650,3.79524e+07,2.582e+07
1650,3.79524e+07,747573
1652,1.98833e+07,747573
1652,1.98833e+07,5.31646e+06
1651,1.98833e+07,2.60106e+06
1653,6.64968e+06,2.60106e+06
1649,6.64968e+06,6.50256e+06
1649,6.64968e+06,6.25806e+06
1651,177215,6.25806e+06
1653,5.65411e+06,6.25806e+06
1653,5.65411e+06,1.94444e+06
1653,5.65411e+06,2.68571e+07
1655,1.54762e+06,2.68571e+07
1651,1.54762e+06,8.37168e+06
1651,1.54762e+06,1.5528e+06
1653,1.18075e+07,1.5528e+06
1655,2.67647e+06,1.5528e+06
1652,2.67647e+06,8.91379e+06
1654,1.78723e+06,8.91379e+06
1653,1.78723e+06,5.01111e+06
1655,5.5381e+06,5.01111e+06
1654,5.5381e+06,7.46111e+07
1656,810726,7.46111e+07
1658,6.25101e+06,7.46111e+07
1651,6.25101e+06,1.18233e+07
1653,1.80315e+06,1.18233e+07
1655,4.54255e+06,1.18233e+07
1657,1.21308e+07,1.18233e+07
1656,1.21308e+07,1.07807e+06
1655,1.21308e+07,3.24348e+07
1657,1.82386e+07,3.24348e+07
1657,1.82386e+07,1.2e+07
1657,1.82386e+07,657895
1657,1.82386e+07,1.06596e+07
1657,1.82386e+07,486486
1659,2.34894e+06,486486
1659,2.34894e+06,1.87097e+07
1659,2.34894e+06,1.92361e+06
1661,6.28226e+06,1.92361e+06
1660,6.28226e+06,3.80465e+06
1662,2.06852e+07,3.80465e+06
1664,751309,3.80465e+06
1664,751309,5.85714e+07
1664,751309,1.26797e+06
1664,751309,1.99194e+06
1664,751309,2.83148e+07
1666,5.66118e+06,2.83148e+07
1666,5.66118e+06,5.04132e+06
1668,3.94828e+06,5.04132e+06
1667,3.94828e+06,7.15972e+06
1667,3.94828e+06,5.48077e+06
1669,1.04873e+07,5.48077e+06
1663,1.04873e+07,7.79859e+06
1665,156522,7.79859e+06
1667,4.05581e+06,7.79859e+06
1667,4.05581e+06,1e+06
1666,4.05581e+06,4.58252e+06
1668,595801,4.58252e+06
1670,633484,4.58252e+06
1672,3.34037e+06,4.58252e+06
1668,3.34037e+06,7.41743e+06
1668,3.34037e+06,4.21591e+06
1670,2.12093e+07,4.21591e+06
1670,2.12093e+07,5.70652e+06
1670,2.12093e+07,819608
1670,2.12093e+07,2.15702e+06
1672,3.54952e+06,2.15702e+06
1672,3.54952e+06,3.19737e+06
1672,3.54952e+06,2.73684e+06
1674,4.66794e+06,2.73684e+06
1676,656250,2.73684e+06
1676,656250,2.80392e+06
1678,1.049e+06,2.80392e+06
1678,1.049e+06,8.76923e+06
1674,1.049e+06,4.62305e+06
1676,3.64894e+06,4.62305e+06
1673,3.64894e+06,6.9469e+06
1675,5.16383e+07,6.9469e+06
1677,6.1179e+06,6.9469e+06
1677,6.1179e+06,1.17182e+07
1679,2.1066e+06,1.17182e+07
1678,2.1066e+06,1.10571e+07
1680,2.0195e+06,1.10571e+07
1680,2.0195e+06,490566
1682,5.77457e+06,490566
1682,5.77457e+06,2.055e+07
1684,834615,2.055e+07
1686,1.78571e+06,2.055e+07
1686,1.78571e+06,9.21429e+06
1686,1.78571e+06,1.34375e+06
1685,1.78571e+06,3.63768e+06
1687,3.89552e+06,3.63768e+06
1685,3.89552e+06,1.66079e+06
1687,1.19e+07,1.66079e+06
1686,1.19e+07,2.22718e+07
1688,1.70795e+07,2.22718e+07
1685,1.70795e+07,5.27074e+06
1685,1.70795e+07,3.23333e+06
1685,1.70795e+07,276074
1687,3e+06,276074
1686,3e+06,4.258e+07
1686,3e+06,3.88136e+06
1688,5.21693e+06,3.88136e+06
1690,6.65587e+06,3.88136e+06
1690,6.65587e+06,5.98095e+06
1692,1.80339e+06,5.98095e+06
1689,1.80339e+06,5.01056e+06
1689,1.80339e+06,1.99559e+06
1691,1.10618e+07,1.99559e+06
1690,1.10618e+07,3.665e+07
1690,1.10618e+07,2.75417e+06
1690,1.10618e+07,4.40698e+06
1692,1.12375e+07,4.40698e+06
1691,1.12375e+07,6.88636e+06
1693,8.70561e+06,6.88636e+06
1691,8.70561e+06,7.89e+06
1690,8.70561e+06,3.74176e+06
1692,5.79743e+06,3.74176e+06
1692,5.79743e+06,2.38265e+06
1692,5.79743e+06,1.32e+08
1692,5.79743e+06,3.62222e+06
1694,5.93478e+06,3.62222e+06
1696,313846,3.62222e+06
1698,2.59627e+06,3.62222e+06
1698,2.59627e+06,6.36747e+06
1700,968531,6.36747e+06
1702,978528,6.36747e+06
1704,2.10744e+06,6.36747e+06
1703,2.10744e+06,5.08929e+06
1703,2.10744e+06,9.43478e+06
1705,7.78761e+06,9.43478e+06
1707,1.11735e+06,9.43478e+06
1707,1.11735e+06,983051
1709,369231,983051
1711,1.06354e+06,983051
1711,1.06354e+06,5e+06
1711,1.06354e+06,1.72692e+07
1713,1.43742e+07,1.72692e+07
1709,1.43742e+07,2.94516e+07
1711,4.47783e+06,2.94516e+07
1711,4.47783e+06,688776
1713,1.37438e+06,688776
1713,1.37438e+06,1.97701e+06
1713,1.37438e+06,241935
1711,1.37438e+06,6.3125e+06
1711,1.37438e+06,2.27152e+06
1710,1.37438e+06,1.28879e+07
1712,1.28141e+07,1.28879e+07
1714,7.51724e+06,1.28879e+07
1713,7.51724e+06,4.54941e+06
1715,749235,4.54941e+06
1715,749235,3.08333e+06
1714,749235,9.09569e+06
1716,1.27918e+07,9.09569e+06
1712,1.27918e+07,5.84574e+06
1714,7.59813e+06,5.84574e+06
1712,7.59813e+06,3.48352e+06
1714,4.68485e+06,3.48352e+06
1714,4.68485e+06,9.37778e+06
1714,4.68485e+06,882353
1716,6.79724e+06,882353
1711,6.79724e+06,3.04571e+07
1713,1.55903e+07,3.04571e+07
1715,960699,3.04571e+07
1712,960699,1.11065e+07
1714,1.31067e+07,1.11065e+07
1716,3.53973e+06,1.11065e+07
1710,3.53973e+06,7.9115e+06
1710,3.53973e+06,4.83333e+06
1712,1.10331e+07,4.83333e+06
1714,7.39706e+06,4.83333e+06
1711,7.39706e+06,9.72054e+06
1710,7.39706e+06,5.80645e+06
1712,2.50652e+07,5.80645e+06
1712,2.50652e+07,2.53746e+06
1712,2.50652e+07,5.57377e+06
1714,2.33155e+06,5.57377e+06
1711,2.33155e+06,2.8087e+07
1711,2.33155e+06,3.28436e+06
1713,1.3114e+07,3.28436e+06
1712,1.3114e+07,3.86897e+07
1712,1.3114e+07,2.72263e+06
1712,1.3114e+07,5.65468e+06
1714,1.18328e+06,5.65468e+06
1716,7.62842e+06,5.65468e+06
1716,7.62842e+06,2.29273e+07
1716,7.62842e+06,1.83898e+07
1718,1.15e+07,1.83898e+07
1709,1.15e+07,2.37285e+07
1711,7.86275e+06,2.37285e+07
1711,7.86275e+06,9.15068e+06
1713,9.75e+06,9.15068e+06
1713,9.75e+06,412429
1712,9.75e+06,1.53456e+06
1714,1.23882e+07,1.53456e+06
1714,1.23882e+07,181818
1714,1.23882e+07,3.95349e+06
1716,7.1694e+06,3.95349e+06
1714,7.1694e+06,1.19247e+07
1710,7.1694e+06,9.15909e+06
1712,2.00894e+07,9.15909e+06
1712,2.00894e+07,5.16129e+07
1711,2.00894e+07,5.24286e+06
1713,7.54545e+06,5.24286e+06
1715,5.19343e+06,5.24286e+06
1713,5.19343e+06,1.06938e+07
1715,2.99111e+06,1.06938e+07
1709,2.99111e+06,5.61095e+06
1708,2.99111e+06,1.424e+07
1710,4.14308e+07,1.424e+07
1712,4.71569e+06,1.424e+07
1714,751295,1.424e+07
1716,415459,1.424e+07
1715,415459,1.46765e+07
1715,415459,3.59596e+06
1717,7.44776e+06,3.59596e+06
1717,7.44776e+06,1.40755e+06
1719,1.61837e+06,1.40755e+06
1721,821782,1.40755e+06
1719,821782,1.56229e+07
1721,5.175e+07,1.56229e+07
1723,2.23184e+06,1.56229e+07
1723,2.23184e+06,7.27586e+06
1725,4.2287e+06,7.27586e+06
1725,4.2287e+06,479769
1727,828080,479769
1729,633245,479769
1728,633245,2.75368e+06
1730,573529,2.75368e+06
1732,5.39385e+06,2.75368e+06
1732,5.39385e+06,4.22705e+06
1731,5.39385e+06,3.52038e+06
1731,5.39385e+06,303371
1733,1.46039e+07,303371
1730,1.46039e+07,1.66e+07
1732,4.67327e+06,1.66e+07
1734,6.60976e+06,1.66e+07
1731,6.60976e+06,1.81299e+07
1733,1.10141e+07,1.81299e+07
1731,1.10141e+07,4.46701e+06
1731,1.10141e+07,1.64088e+06
1733,1.56923e+07,1.64088e+06
1735,2.36434e+06,1.64088e+06
1734,2.36434e+06,8.54795e+06
1736,5.37788e+06,8.54795e+06
1733,5.37788e+06,2.69894e+07
1735,2.23297e+07,2.69894e+07
1737,1.52416e+06,2.69894e+07
1736,1.52416e+06,2.28941e+07
1738,7.25397e+06,2.28941e+07
1738,7.25397e+06,3.25694e+06
1740,4.86e+06,3.25694e+06
1742,1.12195e+06,3.25694e+06
1742,1.12195e+06,7.16463e+06
1744,752336,7.16463e+06
1742,752336,3.63402e+06
1744,1.18933e+07,3.63402e+06
1740,1.18933e+07,2.07158e+07
1742,1.39817e+07,2.07158e+07
1744,1.11828e+06,2.07158e+07
1746,659091,2.07158e+07
1748,446721,2.07158e+07
1750,3.20557e+06,2.07158e+07
1750,3.20557e+06,9.80899e+06
1750,3.20557e+06,5.95671e+06
1752,844444,5.95671e+06
1754,831395,5.95671e+06
1752,831395,2.11045e+07
1754,9.19663e+06,2.11045e+07
1756,706573,2.11045e+07
1758,72580.6,2.11045e+07
1758,72580.6,2.50562e+06
1760,2.83688e+06,2.50562e+06
1762,918288,2.50562e+06
1764,726923,2.50562e+06
1764,726923,3.41985e+06
1759,726923,5.89655e+06
1761,1.70146e+07,5.89655e+06
1763,962121,5.89655e+06
1760,962121,4.48954e+06
1762,5.48235e+06,4.48954e+06
1762,5.48235e+06,2.84706e+06
1764,1.39305e+06,2.84706e+06
1764,1.39305e+06,8e+06
1766,3.18067e+06,8e+06
1768,5.29144e+06,8e+06
1766,5.29144e+06,9.99603e+06
1768,2.47333e+06,9.99603e+06
1768,2.47333e+06,4.70968e+06
1770,3.06667e+06,4.70968e+06
1770,3.06667e+06,1.06838e+06
1769,3.06667e+06,1.78235e+07
1771,1.97039e+07,1.78235e+07
1766,1.97039e+07,6.25338e+06
1768,4.2327e+06,6.25338e+06
1768,4.2327e+06,3.14981e+06
1770,4.75635e+06,3.14981e+06
1770,4.75635e+06,3.47647e+07
1770,4.75635e+06,2.20561e+06
1770,4.75635e+06,2.56122e+06
1772,7.78462e+06,2.56122e+06
1770,7.78462e+06,7.05893e+07
1772,1.57794e+07,7.05893e+07
1772,1.57794e+07,5.93793e+06
1771,1.57794e+07,5.78571e+07
1773,8.45274e+06,5.78571e+07
1775,6.84651e+06,5.78571e+07
1774,6.84651e+06,5.8535e+06
1773,6.84651e+06,7.5e+06
1773,6.84651e+06,1.53896e+06
1775,1.59432e+07,1.53896e+06
1775,1.59432e+07,2.06135e+06
1777,2.80556e+06,2.06135e+06
1769,2.80556e+06,2.78125e+07
1767,2.80556e+06,6.35429e+06
1769,1.11573e+07,6.35429e+06
1771,2.52292e+07,6.35429e+06
1770,2.52292e+07,1.43097e+07
1768,2.52292e+07,7.37891e+06
1770,7.85564e+06,7.37891e+06
1770,7.85564e+06,7.89655e+06
1772,7.12676e+06,7.89655e+06
1769,7.12676e+06,1.26304e+07
1771,5.3278e+06,1.26304e+07
1773,265625,1.26304e+07
1773,265625,4.72789e+06
1773,265625,1.61039e+06
1773,265625,5.74667e+06
1775,9.40996e+06,5.74667e+06
1775,9.40996e+06,3.68919e+06
1777,4.25321e+06,3.68919e+06
1777,4.25321e+06,6.23881e+06
1777,4.25321e+06,6.44149e+06
1775,4.25321e+06,6.91342e+06
1777,1.04415e+07,6.91342e+06
1777,1.04415e+07,2.98286e+06
1779,1.36934e+06,2.98286e+06
1778,1.36934e+06,3.72615e+07
1780,1.09944e+07,3.72615e+07
1782,1.63158e+06,3.72615e+07
1779,1.63158e+06,3.90182e+06
1781,1.13131e+06,3.90182e+06
1780,1.13131e+06,5.26429e+06
1782,320611,5.26429e+06
1784,2.7261e+06,5.26429e+06
1784,2.7261e+06,1.05587e+06
1784,2.7261e+06,3.52752e+06
1784,2.7261e+06,98360.7
1784,2.7261e+06,2.6087e+06
1786,8.92405e+06,2.6087e+06
1786,8.92405e+06,1.44744e+07
1788,2.87037e+06,1.44744e+07
1787,2.87037e+06,4.90141e+06
1787,2.87037e+06,138047
1789,4.97368e+06,138047
1791,1.22936e+06,138047
1788,1.22936e+06,5.69362e+06
1790,589744,5.69362e+06
1791,5.86469e+06,5.69362e+06
1791,5.86469e+06,4.88889e+06
1791,5.86469e+06,6.03571e+06
1793,3.35433e+06,6.03571e+06
1790,3.35433e+06,3.58505e+06
1792,1.10631e+07,3.58505e+06
1792,1.10631e+07,2.5e+06
1792,1.10631e+07,1.37037e+06
1792,1.10631e+07,2.96711e+06
1790,1.10631e+07,5.35211e+06
1792,1.08434e+07,5.35211e+06
1792,1.08434e+07,588785
1792,1.08434e+07,3.83333e+06
1794,3.94931e+06,3.83333e+06
1791,3.94931e+06,7.78378e+06
1791,3.94931e+06,7.80583e+06
1793,3.18465e+06,7.80583e+06
1793,3.18465e+06,1.09626e+06
1793,3.18465e+06,104167
1795,1.43896e+06,104167
1795,1.43896e+06,2.17323e+06
1795,1.43896e+06,409836
1797,373494,409836
1797,373494,1.62308e+07
1797,373494,645777
1799,1.94308e+07,645777
1793,1.94308e+07,1.18816e+07
1795,3.76498e+06,1.18816e+07
1797,571429,1.18816e+07
1797,571429,2.62937e+06
1799,387097,2.62937e+06
1798,387097,4.03167e+06
1800,1.41693e+06,4.03167e+06
1802,1.879e+06,4.03167e+06
1800,1.879e+06,9.52358e+06
1802,2.73947e+07,9.52358e+06
1798,2.73947e+07,6.20561e+06
1800,1.02895e+07,6.20561e+06
1802,1.03645e+07,6.20561e+06
1798,1.03645e+07,7.24199e+06
1798,1.03645e+07,1.50435e+07
1800,9.31364e+06,1.50435e+07
1802,775910,1.50435e+07
1802,775910,7.7449e+06
1804,2.5814e+06,7.7449e+06
1801,2.5814e+06,1.56504e+07
1803,1.16318e+07,1.56504e+07
1801,1.16318e+07,1.88785e+07
1798,1.16318e+07,1.19278e+07
1800,3.66535e+06,1.19278e+07
1802,930131,1.19278e+07
1800,930131,6.93382e+06
1802,839552,6.93382e+06
1800,839552,3.8e+06
1802,6.49158e+06,3.8e+06
1800,6.49158e+06,8.78182e+06
1802,3.05538e+06,8.78182e+06
1804,1.77119e+06,8.78182e+06
1806,2.97614e+06,8.78182e+06
1806,2.97614e+06,7.01042e+06
1804,2.97614e+06,5.64634e+06
1806,333333,5.64634e+06
1806,333333,3.15228e+06
1808,1.00605e+07,3.15228e+06
1805,1.00605e+07,1.08012e+07
1805,1.00605e+07,4.00535e+06
1803,1.00605e+07,7.85039e+06
1805,4.0549e+06,7.85039e+06
1807,6.55501e+06,7.85039e+06
1803,6.55501e+06,2.27865e+07
1805,1.09855e+07,2.27865e+07
1807,448718,2.27865e+07
1807,448718,2.6125e+07
1806,448718,3.5e+06
1808,2.46447e+06,3.5e+06
1806,2.46447e+06,3.91765e+06
1808,2.78912e+06,3.91765e+06
1810,4.93023e+06,3.91765e+06
1810,4.93023e+06,1.0398e+07
1809,4.93023e+06,2.31768e+06
1811,3.2418e+06,2.31768e+06
1811,3.2418e+06,223810
1813,2.52692e+06,223810
1811,2.52692e+06,8.89048e+06
1813,4.50492e+06,8.89048e+06
1815,1.56575e+06,8.89048e+06
1817,2.01293e+06,8.89048e+06
1816,2.01293e+06,7.68182e+07
1816,2.01293e+06,4.6e+07
1818,2.3522e+06,4.6e+07
1820,3.22271e+06,4.6e+07
1819,3.22271e+06,3.76923e+06
1821,1.7732e+06,3.76923e+06
1823,8.53947e+06,3.76923e+06
1822,8.53947e+06,4.6646e+06
1818,8.53947e+06,7.64706e+06
1820,7.13889e+06,7.64706e+06
1818,7.13889e+06,1.46135e+07
1820,4.05e+07,1.46135e+07
1819,4.05e+07,2.09655e+07
1821,4.02299e+06,2.09655e+07
1823,5.21951e+06,2.09655e+07
1825,294278,2.09655e+07
1823,294278,5.21858e+06
1825,4.20091e+06,5.21858e+06
1827,5.06897e+06,5.21858e+06
1826,5.06897e+06,1.35e+07
1828,9.02956e+06,1.35e+07
1826,9.02956e+06,4.26954e+06
1828,4.84314e+06,4.26954e+06
1826,4.84314e+06,2.89375e+06
1824,4.84314e+06,2.17941e+07
1826,2.62667e+07,2.17941e+07
1826,2.62667e+07,1.79778e+07
1822,2.62667e+07,5.24549e+06
1824,8.20488e+06,5.24549e+06
1824,8.20488e+06,3.57237e+06
1826,1.00313e+06,3.57237e+06
1828,1.12039e+07,3.57237e+06
1820,1.12039e+07,1.44766e+07
1822,1.70899e+07,1.44766e+07
1822,1.70899e+07,1.10596e+06
1821,1.70899e+07,5.33645e+06
1818,1.70899e+07,8.89922e+06
1820,2.64378e+06,8.89922e+06
1822,699248,8.89922e+06
1824,8.38974e+06,8.89922e+06
1823,8.38974e+06,3.96715e+06
1825,91603.1,3.96715e+06
1825,91603.1,3.17949e+06
1827,2.55473e+06,3.17949e+06
1829,1.0188e+06,3.17949e+06
1828,1.0188e+06,3.92174e+06
1827,1.0188e+06,4.73485e+06
1829,8.05614e+06,4.73485e+06
1828,8.05614e+06,1.16176e+07
1830,1.19615e+06,1.16176e+07
1832,9.6776e+06,1.16176e+07
1830,9.6776e+06,2.0073e+07
1832,2.61677e+06,2.0073e+07
1834,4.29249e+06,2.0073e+07
1834,4.29249e+06,1.18182e+06
1832,4.29249e+06,1.15289e+07
1834,3.24255e+06,1.15289e+07
1832,3.24255e+06,4.63256e+06
1834,1.60414e+07,4.63256e+06
1833,1.60414e+07,8.0636e+06
1830,1.60414e+07,1.58472e+06
1832,7.64528e+06,1.58472e+06
1832,7.64528e+06,1.48084e+06
1832,7.64528e+06,116022
1834,3.46286e+06,116022
1832,3.46286e+06,9.47573e+06
1834,4.36337e+06,9.47573e+06
1836,483721,9.47573e+06
1836,483721,3.41317e+06
1838,7.01606e+06,3.41317e+06
1837,7.01606e+06,2.82663e+06
1836,7.01606e+06,1.58225e+06
1838,1.92096e+06,1.58225e+06
1838,1.92096e+06,4.78065e+06
1840,3.7e+06,4.78065e+06
1840,3.7e+06,4.42373e+06
1840,3.7e+06,2.38323e+06
1838,3.7e+06,6.46429e+06
1840,1.21277e+07,6.46429e+06
1838,1.21277e+07,3.78646e+06
1835,1.21277e+07,1.10577e+07
1837,3.14493e+06,1.10577e+07
1839,8.60287e+06,1.10577e+07
1835,8.60287e+06,1.18423e+07
1830,8.60287e+06,5.92414e+06
1833,1.01379e+07,5.92414e+06
1830,1.01379e+07,5.46367e+06
1830,1.01379e+07,9.38596e+06
1832,3.54375e+06,9.38596e+06
1834,4.74775e+06,9.38596e+06
1834,4.74775e+06,1.68683e+06
1834,4.74775e+06,3.2963e+06
1833,4.74775e+06,3.51772e+07
1835,3.62474e+07,3.51772e+07
1835,3.62474e+07,1.63519e+06
1828,3.62474e+07,7.98695e+06
1830,2.81667e+06,7.98695e+06
1832,5.98142e+06,7.98695e+06
1834,210744,7.98695e+06
1833,210744,5.63402e+06
1835,5.23596e+06,5.63402e+06
1834,5.23596e+06,3.76147e+06
1836,1.82817e+06,3.76147e+06
1838,1.90217e+06,3.76147e+06
1838,1.90217e+06,6.26744e+06
1840,1.99203e+06,6.26744e+06
1842,3.58307e+06,6.26744e+06
1842,3.58307e+06,4.62821e+06
1840,3.58307e+06,1.41603e+07
1842,2.18846e+06,1.41603e+07
1844,1.46196e+06,1.41603e+07
1846,8.35662e+06,1.41603e+07
1842,8.35662e+06,1.1275e+07
1844,963351,1.1275e+07
1846,481663,1.1275e+07
1844,481663,2.09815e+07
1846,6.89474e+06,2.09815e+07
1844,6.89474e+06,2.34975e+06
1846,5.83376e+06,2.34975e+06
1843,5.83376e+06,1.30769e+07
1845,6.70205e+06,1.30769e+07
1845,6.70205e+06,2.24592e+07
1847,1.31845e+07,2.24592e+07
1842,1.31845e+07,6.66172e+06
1844,1.03143e+07,6.66172e+06
1844,1.03143e+07,2.26613e+07
1844,1.03143e+07,4.00905e+06
1846,4.64608e+06,4.00905e+06
1848,965909,4.00905e+06
1848,965909,4e+07
1846,965909,9.40271e+06
1848,1.25991e+07,9.40271e+06
1847,1.25991e+07,2.54948e+06
1849,3.18382e+06,2.54948e+06
1848,3.18382e+06,4.95477e+06
1848,3.18382e+06,5.48611e+06
1850,9.90476e+06,5.48611e+06
1852,4.16879e+06,5.48611e+06
1851,4.16879e+06,8.31441e+06
1853,3.88235e+06,8.31441e+06
1853,3.88235e+06,4.09655e+06
1855,2.26295e+06,4.09655e+06
1855,2.26295e+06,411932
1857,4.66135e+06,411932
1855,4.66135e+06,3.29508e+06
1857,3.15332e+06,3.29508e+06
1853,3.15332e+06,4.28421e+07
1855,7.15625e+06,4.28421e+07
1857,8.80612e+06,4.28421e+07
1849,8.80612e+06,1.2708e+07
1851,2.15405e+07,1.2708e+07
1853,5.88591e+06,1.2708e+07
1850,5.88591e+06,6.31769e+06
1845,5.88591e+06,4.73047e+06
1847,6.79828e+06,4.73047e+06
1845,6.79828e+06,6.70652e+06
1847,1.97771e+07,6.70652e+06
1841,1.97771e+07,8.51958e+06
1843,3.21569e+06,8.51958e+06
1843,3.21569e+06,2.01778e+06
1845,5.30144e+06,2.01778e+06
1847,2.33333e+06,2.01778e+06
1847,2.33333e+06,1.09896e+06
1843,2.33333e+06,2.29216e+07
1845,1.29745e+07,2.29216e+07
1844,1.29745e+07,2.84082e+06
1846,5.27206e+06,2.84082e+06
1845,5.27206e+06,4.25e+06
1845,5.27206e+06,1.72414e+06
1847,519894,1.72414e+06
1846,519894,3.575e+06
1848,9.67766e+06,3.575e+06
1844,9.67766e+06,5.17125e+06
1844,9.67766e+06,6.77632e+06
1846,1.63063e+06,6.77632e+06
1846,1.63063e+06,653696
1846,1.63063e+06,1.09366e+06
1848,8.72628e+06,1.09366e+06
1847,8.72628e+06,5.17197e+06
1847,8.72628e+06,637324
1846,8.72628e+06,1.54098e+06
1839,8.72628e+06,1.0213e+07
1841,1.55128e+07,1.0213e+07
1843,7.31937e+06,1.0213e+07
1840,7.31937e+06,4.45152e+06
1840,7.31937e+06,55299.5
1842,8.27356e+06,55299.5
1838,8.27356e+06,1.99364e+07
1840,9.46565e+06,1.99364e+07
1840,9.46565e+06,1.1825e+07
1842,5.99107e+06,1.1825e+07
1836,5.99107e+06,6.70696e+06
1838,5.93388e+06,6.70696e+06
1840,1.80808e+06,6.70696e+06
1840,1.80808e+06,2.39925e+06
1840,1.80808e+06,1.77843e+06
1840,1.80808e+06,29629.6
1842,1.67323e+06,29629.6
1842,1.67323e+06,1.91111e+07
1844,1.22511e+07,1.91111e+07
1846,2.92092e+06,1.91111e+07
1845,2.92092e+06,2.73494e+06
1843,2.92092e+06,2.27778e+06
1843,2.92092e+06,1.14286e+06
1839,2.92092e+06,1.02754e+07
1841,2.05899e+07,1.02754e+07
1839,2.05899e+07,2.55224e+07
1839,2.05899e+07,3.06977e+06
1841,1.21081e+07,3.06977e+06
1840,1.21081e+07,2.17136e+06
1837,1.21081e+07,8.9875e+06
1839,4.94737e+06,8.9875e+06
1838,4.94737e+06,1.28657e+06
1840,1.05798e+07,1.28657e+06
1840,1.05798e+07,1.30488e+06
1839,1.05798e+07,2.29966e+06
1841,210145,2.29966e+06
1836,210145,1.53755e+07
1838,3.46633e+07,1.53755e+07
1838,3.46633e+07,3.88889e+06
1840,1.06931e+06,3.88889e+06
1835,1.06931e+06,1.49336e+07
1837,1.20766e+07,1.49336e+07
1839,5.5283e+06,1.49336e+07
1839,5.5283e+06,747748
1838,5.5283e+06,1.1375e+08
1840,7.30144e+06,1.1375e+08
1838,7.30144e+06,1.38862e+07
1840,7.40909e+06,1.38862e+07
1840,7.40909e+06,2.11739e+07
1839,7.40909e+06,2.8451e+07
1841,3.7433e+06,2.8451e+07
1843,6.74772e+06,2.8451e+07
1843,6.74772e+06,3.84337e+06
1842,6.74772e+06,2.70927e+06
1842,6.74772e+06,4.31765e+06
1844,6.74699e+06,4.31765e+06
1832,6.74699e+06,7.978e+06
1834,1.4e+08,7.978e+06
1836,2.35484e+06,7.978e+06
1838,1.28253e+06,7.978e+06
1840,264881,7.978e+06
1840,264881,2.15205e+06
1838,264881,3.16e+06
1840,3.6257e+06,3.16e+06
1842,3.11111e+06,3.16e+06
1842,3.11111e+06,2e+06
1844,9.0459e+06,2e+06
1843,9.0459e+06,5.91031e+06
1841,9.0459e+06,1.53462e+07
1843,2.2e+07,1.53462e+07
1845,4.92473e+06,1.53462e+07
1845,4.92473e+06,8.84884e+06
1847,5.77912e+06,8.84884e+06
1847,5.77912e+06,868327
1847,5.77912e+06,2.8453e+06
1849,1.49446e+06,2.8453e+06
1851,1.13309e+06,2.8453e+06
1851,1.13309e+06,7.53333e+07
1851,1.13309e+06,525641
1853,4.56198e+06,525641
1851,4.56198e+06,6.62222e+06
1851,4.56198e+06,1.37037e+06
1853,7.17411e+06,1.37037e+06
1849,7.17411e+06,1.715e+07
1851,3.36e+06,1.715e+07
1851,3.36e+06,195266
1848,3.36e+06,1.08852e+07
1850,3.02713e+06,1.08852e+07
1852,1.58434e+06,1.08852e+07
1854,5.80952e+06,1.08852e+07
1853,5.80952e+06,1.15571e+07
1855,9.21807e+06,1.15571e+07
1853,9.21807e+06,1.26714e+07
1855,1.38961e+06,1.26714e+07
1850,1.38961e+06,1.27122e+07
1850,1.38961e+06,573333
1852,1.48351e+07,573333
1854,4.13667e+06,573333
1847,4.13667e+06,1.0711e+07
1849,1.25697e+07,1.0711e+07
1847,1.25697e+07,1.20902e+07
1849,5.45503e+06,1.20902e+07
1851,2.81466e+06,1.20902e+07
1849,2.81466e+06,6.32e+06
1849,2.81466e+06,8.45909e+07
1851,5.74432e+06,8.45909e+07
1853,3.84255e+06,8.45909e+07
1851,3.84255e+06,3.41047e+07
1853,1.13277e+07,3.41047e+07
1855,1.20351e+06,3.41047e+07
1855,1.20351e+06,1.55579e+07
1857,2.34462e+06,1.55579e+07
1859,7.72362e+06,1.55579e+07
1859,7.72362e+06,6.40887e+06
1859,7.72362e+06,2.01935e+06
1856,7.72362e+06,4.5935e+06
1858,5.36027e+06,4.5935e+06
1858,5.36027e+06,2.88764e+06
1858,5.36027e+06,1.72189e+06
1860,1.59091e+06,1.72189e+06
1862,973523,1.72189e+06
1862,973523,540404
1864,5.58893e+06,540404
1864,5.58893e+06,626923
1866,834302,626923
1866,834302,1.1828e+07
1864,834302,2.67755e+07
1866,1.62474e+07,2.67755e+07
1858,1.62474e+07,1.458e+07
1860,1.94309e+06,1.458e+07
1862,3.6285e+06,1.458e+07
1859,3.6285e+06,4.17895e+07
1861,5.78448e+07,4.17895e+07
1863,2.51411e+06,4.17895e+07
1862,2.51411e+06,2.47907e+07
1864,724599,2.47907e+07
1866,939929,2.47907e+07
1868,34063.3,2.47907e+07
1870,5.375e+06,2.47907e+07
1870,5.375e+06,3.61724e+06
1872,396226,3.61724e+06
1874,3.71333e+06,3.61724e+06
1869,3.71333e+06,6.20113e+06
1869,3.71333e+06,674419
1871,2.84699e+06,674419
1873,3.00635e+06,674419
1873,3.00635e+06,1.77778e+07
1869,3.00635e+06,1.27818e+07
1871,1.48408e+06,1.27818e+07
1873,1.93213e+06,1.27818e+07
1875,6.36726e+06,1.27818e+07
1873,6.36726e+06,7.51701e+06
1871,6.36726e+06,6.0073e+06
1873,1.75067e+07,6.0073e+06
1872,1.75067e+07,5.89381e+06
1872,1.75067e+07,825000
1874,1.90145e+06,825000
1874,1.90145e+06,544218
1876,2.32886e+06,544218
1873,2.32886e+06,8.25e+06
1875,3.95506e+06,8.25e+06
1871,3.95506e+06,6.12325e+06
1873,1.5034e+07,6.12325e+06
1873,1.5034e+07,4.67769e+06
1873,1.5034e+07,190476
1875,2.16468e+06,190476
1875,2.16468e+06,1.22414e+06
1877,7.3141e+06,1.22414e+06
1876,7.3141e+06,2.22917e+07
1876,7.3141e+06,2.90476e+06
1878,1.45817e+06,2.90476e+06
1876,1.45817e+06,9.27586e+06
1878,4.63836e+06,9.27586e+06
1880,2.71369e+06,9.27586e+06
1875,2.71369e+06,5.79283e+06
1877,2.59483e+07,5.79283e+06
1872,2.59483e+07,2.33491e+07
1874,3.37907e+07,2.33491e+07
1876,1.97895e+07,2.33491e+07
1876,1.97895e+07,1.4009e+07
1878,2.24898e+06,1.4009e+07
1874,2.24898e+06,5.46288e+06
1876,4.47826e+06,5.46288e+06
1878,131868,5.46288e+06
1878,131868,6.44554e+06
1880,4.00958e+06,6.44554e+06
1882,2.83401e+06,6.44554e+06
1884,815000,6.44554e+06
1879,815000,3.41803e+07
1881,5.87124e+06,3.41803e+07
1883,701923,3.41803e+07
1882,701923,2.58915e+06
1879,701923,6.73913e+06
1881,8.79842e+06,6.73913e+06
1881,8.79842e+06,1.01893e+07
1881,8.79842e+06,1.10046e+06
1883,1.89701e+06,1.10046e+06
1885,1.12536e+06,1.10046e+06
1884,1.12536e+06,4.52096e+06
1886,1.61988e+07,4.52096e+06
1883,1.61988e+07,1.58941e+07
1885,7.53191e+06,1.58941e+07
1885,7.53191e+06,3.76613e+06
1884,7.53191e+06,4.33758e+06
1886,4.48649e+06,4.33758e+06
1888,1.82005e+06,4.33758e+06
1885,1.82005e+06,2.47059e+06
1884,1.82005e+06,5.70476e+06
1886,4.58065e+06,5.70476e+06
1888,4.97665e+06,5.70476e+06
1885,4.97665e+06,3.76259e+06
1885,4.97665e+06,2.94444e+06
1887,3.22616e+06,2.94444e+06
1882,3.22616e+06,6.16447e+06
1884,3.30086e+06,6.16447e+06
1880,3.30086e+06,5.45985e+06
1882,3.04902e+07,5.45985e+06
1882,3.04902e+07,7.59524e+06
1882,3.04902e+07,489474
1882,3.04902e+07,452055
1884,1.20057e+06,452055
1884,1.20057e+06,51282.1
1884,1.20057e+06,1.41732e+06
1886,6.00465e+06,1.41732e+06
1883,6.00465e+06,2.48718e+06
1883,6.00465e+06,6.375e+06
1883,6.00465e+06,3.3245e+06
1885,5.30142e+06,3.3245e+06
1885,5.30142e+06,1.88e+06
1887,6.30994e+06,1.88e+06
1883,6.30994e+06,6.27602e+06
1881,6.30994e+06,1.81053e+07
1881,6.30994e+06,1.31944e+06
1883,1.58607e+07,1.31944e+06
1885,2688.17,1.31944e+06
1885,2688.17,1.94286e+06
1887,2.69588e+06,1.94286e+06
1889,7.07424e+06,1.94286e+06
1886,7.07424e+06,4.20408e+06
1888,1.31156e+06,4.20408e+06
1890,278409,4.20408e+06
1888,278409,4.50735e+06
1890,1.31846e+08,4.50735e+06
1889,1.31846e+08,5.68889e+06
1891,505263,5.68889e+06
1893,3.97561e+06,5.68889e+06
1893,3.97561e+06,3.74251e+06
1895,1.34752e+06,3.74251e+06
1895,1.34752e+06,1.43396e+06
1897,5.96104e+06,1.43396e+06
1893,5.96104e+06,8.22264e+06
1895,1.34066e+07,8.22264e+06
1897,246787,8.22264e+06
1899,508418,8.22264e+06
1899,508418,9.00422e+06
1901,5.96901e+06,9.00422e+06
1903,824000,9.00422e+06
1901,824000,2.98608e+07
1903,1.99273e+07,2.98608e+07
1897,1.99273e+07,7.27347e+06
1899,1.19776e+07,7.27347e+06
1901,651515,7.27347e+06
1903,341880,7.27347e+06
1902,341880,7.43694e+06
1904,8.64311e+06,7.43694e+06
1901,8.64311e+06,3.40444e+06
1897,8.64311e+06,8.54891e+06
1896,8.64311e+06,1.60484e+06
1898,1.54382e+07,1.60484e+06
1900,1.08333e+06,1.60484e+06
1900,1.08333e+06,6.40184e+06
1902,7.90033e+06,6.40184e+06
1902,7.90033e+06,1.08372e+06
1898,7.90033e+06,4.54487e+06
1900,8.38462e+06,4.54487e+06
1894,8.38462e+06,5.30063e+06
1896,1.14068e+07,5.30063e+06
1891,1.14068e+07,1.1104e+07
1891,1.14068e+07,2.76226e+07
1893,4.60829e+06,2.76226e+07
1895,5.65299e+06,2.76226e+07
1888,5.65299e+06,1.27032e+07
1890,2.56383e+07,1.27032e+07
1892,3.40346e+06,1.27032e+07
1887,3.40346e+06,7.24155e+06
1889,5.24924e+06,7.24155e+06
1888,5.24924e+06,3.68844e+06
1888,5.24924e+06,86294.4
1890,2.88281e+06,86294.4
1889,2.88281e+06,1.43151e+07
1891,2.84507e+06,1.43151e+07
1893,3.55782e+06,1.43151e+07
1887,3.55782e+06,8.74775e+06
1889,1.6918e+07,8.74775e+06
1891,1.56912e+07,8.74775e+06
1891,1.56912e+07,1.08533e+07
1891,1.56912e+07,1.22895e+07
1893,80985.9,1.22895e+07
1895,3.88177e+06,1.22895e+07
1894,3.88177e+06,2.52023e+06
1894,3.88177e+06,4.4375e+06
1896,1.88288e+06,4.4375e+06
1898,3.5838e+06,4.4375e+06
1898,3.5838e+06,2.42105e+06
1896,3.5838e+06,5.6913e+06
1898,1.29565e+07,5.6913e+06
1898,1.29565e+07,1.26471e+07
1897,1.29565e+07,4.09709e+06
1896,1.29565e+07,6.26036e+06
1898,1.1503e+07,6.26036e+06
1898,1.1503e+07,3.08156e+06
1898,1.1503e+07,1.26972e+06
1900,1.33908e+06,1.26972e+06
1902,336538,1.26972e+06
1902,336538,1.52338e+07
1904,5.86757e+06,1.52338e+07
1899,5.86757e+06,7.28013e+06
1901,8.50847e+06,7.28013e+06
1903,4.92093e+06,7.28013e+06
1903,4.92093e+06,1.19512e+06
1899,4.92093e+06,1.20084e+07
1901,1.88647e+07,1.20084e+07
1898,1.88647e+07,8.63877e+06
1900,5.31579e+06,8.63877e+06
1902,2.5403e+06,8.63877e+06
1904,1.47475e+06,8.63877e+06
1901,1.47475e+06,5.8383e+06
1899,1.47475e+06,1.28663e+07
1901,2.25683e+07,1.28663e+07
1901,2.25683e+07,1.12414e+06
1900,2.25683e+07,4.67961e+06
1902,8.53846e+06,4.67961e+06
1904,668770,4.67961e+06
1904,668770,5.70492e+06
1902,668770,2.68657e+06
1904,47210.3,2.68657e+06
1906,7.08559e+06,2.68657e+06
1904,7.08559e+06,4.44688e+06
1906,3.60753e+06,4.44688e+06
1908,1.74495e+06,4.44688e+06
1910,106667,4.44688e+06
1905,106667,3.46939e+06
1907,526814,3.46939e+06
1906,526814,9.13571e+06
1908,4.96715e+06,9.13571e+06
1910,2.97248e+06,9.13571e+06
1905,2.97248e+06,6.82437e+06
1905,2.97248e+06,2.18133e+07
1907,1.42857e+06,2.18133e+07
1909,5.33404e+06,2.18133e+07
1909,5.33404e+06,451807
1909,5.33404e+06,992366
1906,5.33404e+06,2.53927e+06
1906,5.33404e+06,1.36232e+06
1908,1.68496e+06,1.36232e+06
1905,1.68496e+06,8.42678e+06
1907,9.90559e+06,8.42678e+06
1906,9.90559e+06,5.25904e+06
1906,9.90559e+06,4.98913e+06
1908,4.58042e+06,4.98913e+06
1910,140426,4.98913e+06
1910,140426,1.46512e+06
1910,140426,1.68684e+07
1912,5.25316e+06,1.68684e+07
1906,5.25316e+06,9.33922e+06
1906,5.25316e+06,4.71739e+06
1908,1.49014e+06,4.71739e+06
1908,1.49014e+06,4.50442e+06
1910,3.11307e+06,4.50442e+06
1909,3.11307e+06,9.15e+06
1911,5.6092e+06,9.15e+06
1908,5.6092e+06,1.95833e+06
1906,5.6092e+06,1.61406e+07
1908,2.35161e+07,1.61406e+07
1910,3.92963e+06,1.61406e+07
1908,3.92963e+06,630670
1908,3.92963e+06,8.02899e+06
1910,2.1619e+06,8.02899e+06
1912,1.28882e+06,8.02899e+06
1909,1.28882e+06,8.82627e+06
1911,9.70455e+06,8.82627e+06
1913,417722,8.82627e+06
1913,417722,1.37154e+06
1913,417722,2.74815e+06
1915,4.07256e+06,2.74815e+06
1913,4.07256e+06,8.61538e+06
1915,1.24375e+07,8.61538e+06
1915,1.24375e+07,762712
1915,1.24375e+07,2.45205e+06
1917,3.44468e+06,2.45205e+06
1913,3.44468e+06,6.02222e+06
1915,4.62126e+06,6.02222e+06
1917,5.1662e+06,6.02222e+06
1913,5.1662e+06,4.80545e+06
1915,9.58824e+06,4.80545e+06
1914,9.58824e+06,5.51773e+06
1916,5.49292e+06,5.51773e+06
1913,5.49292e+06,3.05882e+06
1915,4.81659e+06,3.05882e+06
1917,2.94118e+06,3.05882e+06
1916,2.94118e+06,3.02105e+06
1916,2.94118e+06,2.87562e+06
1916,2.94118e+06,702703
1918,7.78082e+06,702703
1917,7.78082e+06,5.98504e+06
1904,7.78082e+06,4.8657e+06
1906,2.31316e+07,4.8657e+06
1906,2.31316e+07,3.0566e+06
1908,5.91985e+06,3.0566e+06
1907,5.91985e+06,4.57391e+06
1909,6.36735e+06,4.57391e+06
1909,6.36735e+06,1.73443e+07
1909,6.36735e+06,3.57322e+06
1911,5.55125e+06,3.57322e+06
1907,5.55125e+06,4.66267e+06
1909,8.384e+06,4.66267e+06
1903,8.384e+06,1.8026e+07
1903,8.384e+06,1.49565e+06
1905,7.35249e+06,1.49565e+06
1904,7.35249e+06,7.27465e+06
1906,2.49024e+06,7.27465e+06
1903,2.49024e+06,5.35426e+06
1905,9.5531e+06,5.35426e+06
1901,9.5531e+06,6.52151e+06
1903,5.06452e+06,6.52151e+06
1905,3.10706e+06,6.52151e+06
1902,3.10706e+06,5.16331e+06
1904,2.1039e+06,5.16331e+06
1904,2.1039e+06,5.1e+06
1906,5.2605e+06,5.1e+06
1899,5.2605e+06,4.76923e+06
1901,1.54576e+07,4.76923e+06
1901,1.54576e+07,6.52795e+06
1901,1.54576e+07,5.5914e+06
1903,7.98837e+06,5.5914e+06
1903,7.98837e+06,1.84694e+06
1903,7.98837e+06,1.21795e+06
1903,7.98837e+06,648725
1905,4.30252e+06,648725
1902,4.30252e+06,1.09221e+07
1904,1.24961e+07,1.09221e+07
1904,1.24961e+07,2.59322e+06
1906,2.09609e+06,2.59322e+06
1908,1.58176e+06,2.59322e+06
1906,1.58176e+06,2.72746e+06
1908,1.04971e+06,2.72746e+06
1908,1.04971e+06,9.52055e+06
1908,1.04971e+06,2.24841e+06
1910,1.69481e+06,2.24841e+06
1912,9.44978e+06,2.24841e+06
1912,9.44978e+06,1.87841e+07
1914,882129,1.87841e+07
1916,2.01423e+06,1.87841e+07
1916,2.01423e+06,626866
1916,2.01423e+06,2.97151e+06
1918,3.28261e+06,2.97151e+06
1913,3.28261e+06,8.83264e+06
1915,3.94054e+07,8.83264e+06
1917,553073,8.83264e+06
1919,665272,8.83264e+06
1916,665272,3.8125e+06
1918,3.3403e+07,3.8125e+06
1920,1.03504e+06,3.8125e+06
1920,1.03504e+06,1.04918e+06
1920,1.03504e+06,3.48929e+07
1918,1.03504e+06,4.30631e+06
1920,2.17647e+06,4.30631e+06
1922,734426,4.30631e+06
1920,734426,1.03438e+07
1922,2.0236e+07,1.03438e+07
1924,1.98258e+06,1.03438e+07
1924,1.98258e+06,55555.6
1926,4.14194e+06,55555.6
1922,4.14194e+06,6.6747e+06
1922,4.14194e+06,521212
1924,3.47766e+06,521212
1923,3.47766e+06,6.32381e+06
1925,3.42818e+06,6.32381e+06
1925,3.42818e+06,1.78894e+06
1924,3.42818e+06,1.24e+07
1924,3.42818e+06,516779
1924,3.42818e+06,7.2766e+06
1923,3.42818e+06,5.328e+06
1925,2.72437e+06,5.328e+06
1927,1.27559e+06,5.328e+06
1929,1.08213e+06,5.328e+06
1931,4.26923e+06,5.328e+06
1931,4.26923e+06,627976
1931,4.26923e+06,6.7381e+06
1931,4.26923e+06,5.62222e+06
1933,3.27368e+06,5.62222e+06
1933,3.27368e+06,2.9551e+06
1933,3.27368e+06,9.67391e+06
1935,39045.6,9.67391e+06
1935,39045.6,4.18644e+06
1937,1.62428e+06,4.18644e+06
1939,4.9306e+06,4.18644e+06
1937,4.9306e+06,2.86049e+07
1939,7.39329e+06,2.86049e+07
1935,7.39329e+06,7.47431e+06
1937,9.65089e+06,7.47431e+06
1936,9.65089e+06,2.98193e+06
1931,9.65089e+06,4.05387e+06
1933,1.37619e+07,4.05387e+06
1935,2.34161e+07,4.05387e+06
1932,2.34161e+07,3.05455e+07
1934,7.54698e+06,3.05455e+07
1934,7.54698e+06,6.81197e+06
1936,2.1893e+06,6.81197e+06
1938,495798,6.81197e+06
1940,1.51558e+06,6.81197e+06
1940,1.51558e+06,391304
1942,3.05652e+06,391304
1944,298246,391304
1941,298246,2.09704e+07
1939,298246,4.41429e+06
1941,5.80543e+06,4.41429e+06
1943,137255,4.41429e+06
1945,1.77778e+06,4.41429e+06
1944,1.77778e+06,352174
1946,3.58228e+06,352174
1946,3.58228e+06,1.13611e+06
1946,3.58228e+06,3.51801e+06
1944,3.58228e+06,2.47009e+06
1946,4.7151e+06,2.47009e+06
1948,1.71711e+06,2.47009e+06
1950,4.35468e+06,2.47009e+06
1948,4.35468e+06,1.15579e+07
1950,7.1942e+06,1.15579e+07
1950,7.1942e+06,5.12381e+06
1952,5.19173e+06,5.12381e+06
1949,5.19173e+06,6.68591e+06
1951,5.96e+06,6.68591e+06
1953,3.20833e+06,6.68591e+06
1951,3.20833e+06,1.27206e+07
1951,3.20833e+06,1.48718e+06
1953,1.92674e+06,1.48718e+06
1953,1.92674e+06,1.69655e+07
1955,147632,1.69655e+07
1957,5.37736e+06,1.69655e+07
1959,767507,1.69655e+07
1957,767507,7.62637e+06
1959,5.06368e+06,7.62637e+06
1948,5.06368e+06,8.30361e+06
1950,2.28873e+07,8.30361e+06
1947,2.28873e+07,7.2093e+06
1946,2.28873e+07,4.77381e+06
1948,1.63023e+07,4.77381e+06
1950,1.28471e+06,4.77381e+06
1945,1.28471e+06,5.6285e+06
1947,9.85401e+06,5.6285e+06
1949,6.4543e+06,5.6285e+06
1941,6.4543e+06,1.58756e+07
1943,9.11321e+06,1.58756e+07
1941,9.11321e+06,1.15115e+07
1943,5.8134e+06,1.15115e+07
1935,5.8134e+06,1.89864e+07
1937,1.13411e+07,1.89864e+07
1939,7.9403e+06,1.89864e+07
1939,7.9403e+06,9.42515e+06
1941,3.4386e+06,9.42515e+06
1943,2.24903e+06,9.42515e+06
1943,2.24903e+06,1.66355e+06
1939,2.24903e+06,2.01432e+06
1941,2.76307e+06,2.01432e+06
1943,4.15351e+06,2.01432e+06
1941,4.15351e+06,4.71831e+06
1943,7.42021e+06,4.71831e+06
1945,347258,4.71831e+06
1943,347258,2.57175e+06
1945,4.47967e+06,2.57175e+06
1947,75098.8,2.57175e+06
1946,75098.8,4.09756e+06
1946,75098.8,8.33152e+06
1946,75098.8,2.83704e+06
1946,75098.8,7.06299e+06
1948,5.64113e+06,7.06299e+06
1947,5.64113e+06,3.55556e+06
1946,5.64113e+06,953488
1946,5.64113e+06,1.37634e+06
1948,1.87789e+07,1.37634e+06
1945,1.87789e+07,1.18013e+07
1945,1.87789e+07,2.32353e+06
1947,1.4864e+07,2.32353e+06
1946,1.4864e+07,2.20157e+06
1942,1.4864e+07,1.75828e+06
1942,1.4864e+07,5.69677e+06
1944,1.17226e+07,5.69677e+06
1942,1.17226e+07,2.19388e+07
1944,173913,2.19388e+07
1944,173913,911765
1946,919505,911765
1948,972973,911765
1948,972973,2.51613e+06
1948,972973,2.96694e+06
1948,972973,4.37864e+06
1950,965657,4.37864e+06
1950,965657,3.54605e+06
1952,6.65495e+06,3.54605e+06
1952,6.65495e+06,3.79558e+06
1952,6.65495e+06,1.52605e+06
1954,1.39103e+06,1.52605e+06
1956,416031,1.52605e+06
1956,416031,1.10455e+07
1958,2.70316e+06,1.10455e+07
1958,2.70316e+06,1.46753e+06
1960,2.19098e+06,1.46753e+06
1959,2.19098e+06,1.75418e+06
1959,2.19098e+06,887273
1959,2.19098e+06,4.42236e+06
1961,6.01307e+06,4.42236e+06
1961,6.01307e+06,183879
1961,6.01307e+06,516129
1961,6.01307e+06,3.76176e+07
1963,3.32184e+06,3.76176e+07
1960,3.32184e+06,2.2623e+06
1962,5.28638e+06,2.2623e+06
1961,5.28638e+06,2.18404e+06
1961,5.28638e+06,317204
1963,576227,317204
1965,1.25552e+06,317204
1965,1.25552e+06,283626
1967,12269.9,283626
1965,12269.9,1.37021e+07
1967,1.61223e+07,1.37021e+07
1964,1.61223e+07,5.24936e+06
1966,719858,5.24936e+06
1964,719858,4.33636e+06
1966,3.24615e+06,4.33636e+06
1966,3.24615e+06,741445
1968,7.14286e+06,741445
1967,7.14286e+06,4.77551e+06
1967,7.14286e+06,3.88696e+06
1969,4.55049e+06,3.88696e+06
1969,4.55049e+06,3.51381e+06
1971,2.80583e+06,3.51381e+06
1971,2.80583e+06,356974
1971,2.80583e+06,9.66372e+06
1973,2.87107e+06,9.66372e+06
1973,2.87107e+06,1.63111e+06
1975,3.90263e+06,1.63111e+06
1975,3.90263e+06,12012
1969,3.90263e+06,5.6616e+06
1971,7.11885e+06,5.6616e+06
1969,7.11885e+06,7.21132e+06
1971,6.19048e+06,7.21132e+06
1970,6.19048e+06,5.92617e+06
1972,5.7013e+06,5.92617e+06
1971,5.7013e+06,1.111e+07
1973,2.08511e+06,1.111e+07
1971,2.08511e+06,3.53067e+06
1973,8.60309e+06,3.53067e+06
1970,8.60309e+06,4.95249e+06
1972,2.34951e+06,4.95249e+06
1972,2.34951e+06,1.05425e+07
1974,4.59962e+06,1.05425e+07
1971,4.59962e+06,2.63636e+07
1973,3.76955e+06,2.63636e+07
1973,3.76955e+06,5.78395e+06
1975,5.25746e+06,5.78395e+06
1975,5.25746e+06,3.32653e+06
1977,627057,3.32653e+06
1975,627057,3.12143e+06
1975,627057,2.35862e+06
1977,1.94909e+06,2.35862e+06
1979,883978,2.35862e+06
1981,587719,2.35862e+06
1983,897698,2.35862e+06
1983,897698,4.35874e+06
1985,630769,4.35874e+06
1987,3.07857e+06,4.35874e+06
1989,2.08929e+06,4.35874e+06
1989,2.08929e+06,248826
1989,2.08929e+06,1.55161e+07
1991,1.23195e+07,1.55161e+07
1989,1.23195e+07,8.93448e+06
1984,1.23195e+07,8.16667e+06
1986,5.75862e+06,8.16667e+06
1986,5.75862e+06,3.72993e+06
1984,5.75862e+06,2.27155e+06
1986,3.9375e+06,2.27155e+06
1986,3.9375e+06,3.79268e+06
1984,3.9375e+06,590106
1986,7.13889e+06,590106
1984,7.13889e+06,9.30688e+06
1986,8.13043e+06,9.30688e+06
1986,8.13043e+06,3.27193e+06
1984,8.13043e+06,4.5495e+06
1986,2.99259e+07,4.5495e+06
1982,2.99259e+07,1.73797e+07
1984,6.375e+07,1.73797e+07
1986,373602,1.73797e+07
1988,3.04333e+06,1.73797e+07
1990,187654,1.73797e+07
1990,187654,6.50216e+06
1992,2.80117e+06,6.50216e+06
1994,9.71642e+06,6.50216e+06
1996,195279,6.50216e+06
1994,195279,1.27925e+07
1996,6.04545e+06,1.27925e+07
1998,2.2376e+06,1.27925e+07
2000,1.19429e+06,1.27925e+07
2000,1.19429e+06,8.28125e+06
2002,4.25641e+06,8.28125e+06
2002,4.25641e+06,2.60645e+07
2002,4.25641e+06,1.39097e+07
2004,5.55556e+06,1.39097e+07
2003,5.55556e+06,6.85152e+07
2005,3.87572e+06,6.85152e+07
2005,3.87572e+06,9.08974e+06
2007,4.99065e+06,9.08974e+06
2009,307692,9.08974e+06
2005,307692,4.77861e+06
2007,8.85427e+06,4.77861e+06
2002,8.85427e+06,3.86019e+06
2004,6.9646e+06,3.86019e+06
2001,6.9646e+06,3.22634e+06
2001,6.9646e+06,8.2e+06
2003,2.99455e+06,8.2e+06
2002,2.99455e+06,5.92492e+06
2004,3.99388e+06,5.92492e+06
2006,624679,5.92492e+06
2008,487465,5.92492e+06
2010,2.19231e+06,5.92492e+06
2010,2.19231e+06,1.38095e+06
2012,765487,1.38095e+06
2012,765487,394322
2014,1.05e+06,394322
2014,1.05e+06,1.06562e+07
2014,1.05e+06,2.11111e+06
2016,7.59438e+06,2.11111e+06
2014,7.59438e+06,5.07203e+06
2016,6.71806e+06,5.07203e+06
2016,6.71806e+06,1.318e+07
2018,2.64821e+06,1.318e+07
2018,2.64821e+06,5.30935e+06
2016,2.64821e+06,7.19424e+06
2018,7.42308e+06,7.19424e+06
2018,7.42308e+06,9.90909e+06
2020,3.40781e+06,9.90909e+06
2022,102004,9.90909e+06
2024,2.31858e+06,9.90909e+06
2026,1.84556e+06,9.90909e+06
2017,1.84556e+06,5.00162e+06
2019,3.15672e+06,5.00162e+06
2021,7.38806e+06,5.00162e+06
2015,7.38806e+06,7.24383e+06
2017,6.19588e+06,7.24383e+06
2019,429936,7.24383e+06
2021,1.81437e+06,7.24383e+06
2018,1.81437e+06,5.95556e+06
2020,598958,5.95556e+06
2022,2.41638e+06,5.95556e+06
2022,2.41638e+06,1.27249e+06
2022,2.41638e+06,1.24082e+07
2024,4.09434e+06,1.24082e+07
2026,1.53822e+06,1.24082e+07
2028,2.02913e+06,1.24082e+07
2028,2.02913e+06,2.13613e+06
2028,2.02913e+06,1.38977e+07
2030,6.48846e+06,1.38977e+07
2025,6.48846e+06,5.48036e+06
2027,2.81557e+06,5.48036e+06
2029,3.00833e+06,5.48036e+06
2029,3.00833e+06,5.75385e+06
2029,3.00833e+06,8.57843e+06
2031,1.75309e+06,8.57843e+06
2033,4.31936e+06,8.57843e+06
2032,4.31936e+06,1.01162e+07
2034,953445,1.01162e+07
2034,953445,2.14126e+06
2034,953445,138340
2034,953445,2.29474e+06
2036,5.68367e+06,2.29474e+06
2038,396476,2.29474e+06
2038,396476,2.21053e+06
2037,396476,3.60664e+06
2037,396476,4.14444e+06
2039,8.67857e+06,4.14444e+06
2041,1.32081e+06,4.14444e+06
2043,147059,4.14444e+06
2045,2.94783e+06,4.14444e+06
2045,2.94783e+06,7.63319e+06
2045,2.94783e+06,1.832e+06
2047,5.8835e+06,1.832e+06
2047,5.8835e+06,1.59752e+06
2049,549569,1.59752e+06
2049,549569,79831.9
2051,603846,79831.9
2051,603846,1.08e+06
2053,172093,1.08e+06
2055,1.99204e+06,1.08e+06
2055,1.99204e+06,2.32353e+06
2055,1.99204e+06,6.1e+06
2053,1.99204e+06,3.8852e+06
2053,1.99204e+06,361702
2055,1.55376e+06,361702
2057,4.41613e+06,361702
2057,4.41613e+06,58510.6
2059,3.1133e+06,58510.6
2058,3.1133e+06,1.57714e+07
2058,3.1133e+06,1.02392e+06
2057,3.1133e+06,8.26374e+06
2059,5.75758e+06,8.26374e+06
2061,1.1459e+07,8.26374e+06
2060,1.1459e+07,1.49286e+07
2060,1.1459e+07,1.01333e+07
2060,1.1459e+07,6.19469e+06
2062,1.20368e+07,6.19469e+06
2059,1.20368e+07,9.10345e+06
2061,7.5675e+07,9.10345e+06
2053,7.5675e+07,6.73428e+06
2055,6.17094e+06,6.73428e+06
2055,6.17094e+06,2.85135e+07
2057,445087,2.85135e+07
2059,241379,2.85135e+07
2061,5.46263e+06,2.85135e+07
2061,5.46263e+06,879412
2059,5.46263e+06,4.55072e+06
2061,1.27188e+06,4.55072e+06
2063,532880,4.55072e+06
2065,373444,4.55072e+06
2065,373444,3.9375e+06
2057,373444,3.83604e+06
2059,1.01615e+07,3.83604e+06
2061,9.32453e+06,3.83604e+06
2061,9.32453e+06,5.55556e+06
2053,9.32453e+06,3.64424e+06
2055,3.28235e+07,3.64424e+06
2054,3.28235e+07,795620
2056,2.89971e+06,795620
2052,2.89971e+06,5.64706e+06
2050,2.89971e+06,3.01326e+06
2049,2.89971e+06,4.18939e+06
2051,8.33237e+06,4.18939e+06
2050,8.33237e+06,2.73709e+06
2048,8.33237e+06,1.16667e+06
2048,8.33237e+06,3.79508e+06
2050,7.0473e+06,3.79508e+06
2046,7.0473e+06,1.95827e+07
2048,6.3e+07,1.95827e+07
2048,6.3e+07,6.22314e+06
2050,8.4492e+06,6.22314e+06
2049,8.4492e+06,2.93696e+07
2049,8.4492e+06,3.02439e+06
2051,1.10451e+06,3.02439e+06
2053,9.56522e+06,3.02439e+06
2055,821121,3.02439e+06
2051,821121,5.56235e+06
2051,821121,1.2839e+06
2051,821121,10752.7
2050,821121,936170
2052,5.08602e+06,936170
2052,5.08602e+06,1.34005e+06
2052,5.08602e+06,1.55217e+07
2054,1.0528e+07,1.55217e+07
2056,132686,1.55217e+07
2056,132686,4.67961e+06
2055,132686,4.91643e+06
2057,1.11416e+06,4.91643e+06
2059,1.14525e+07,4.91643e+06
2056,1.14525e+07,2.18868e+06
2056,1.14525e+07,2.5098e+06
2058,2.15686e+06,2.5098e+06
2060,185430,2.5098e+06
2059,185430,3.83508e+06
2061,4.59825e+06,3.83508e+06
2063,1.54959e+06,3.83508e+06
2063,1.54959e+06,1.05072e+07
2065,4.38876e+06,1.05072e+07
2062,4.38876e+06,3.71339e+06
2064,5.90441e+06,3.71339e+06
2060,5.90441e+06,4.88936e+07
2062,7.8e+06,4.88936e+07
2064,5.07386e+06,4.88936e+07
2066,2.19837e+06,4.88936e+07
2066,2.19837e+06,2.43478e+06
2064,2.19837e+06,5.74561e+06
2066,9.16296e+06,5.74561e+06
2065,9.16296e+06,2.16028e+06
2067,1.97573e+06,2.16028e+06
2064,1.97573e+06,5.84026e+06
2063,1.97573e+06,1.12462e+06
2065,3.43361e+06,1.12462e+06
2065,3.43361e+06,7.60674e+06
2067,1.30092e+06,7.60674e+06
2069,1.67692e+06,7.60674e+06
2071,248062,7.60674e+06
2071,248062,3.43192e+06
2071,248062,3.73333e+06
2073,2.56689e+06,3.73333e+06
2073,2.56689e+06,3.25714e+06
2075,1.84762e+06,3.25714e+06
2077,3.49076e+06,3.25714e+06
2077,3.49076e+06,1.37107e+06
2075,3.49076e+06,5.61905e+06
2077,2.96601e+06,5.61905e+06
2071,2.96601e+06,3.52614e+06
2073,6.2198e+06,3.52614e+06
2072,6.2198e+06,2.03413e+06
2072,6.2198e+06,8.76e+06
2068,6.2198e+06,3.17317e+06
2071,2.88293e+07,3.17317e+06
2071,2.88293e+07,9.20721e+06
2067,2.88293e+07,6.49798e+06
2069,1.7375e+06,6.49798e+06
2069,1.7375e+06,282443
2069,1.7375e+06,1.5e+06
2069,1.7375e+06,8.83077e+06
2071,1.97626e+06,8.83077e+06
2073,2.67655e+06,8.83077e+06
2068,2.67655e+06,5.42478e+06
2070,6.67742e+06,5.42478e+06
2070,6.67742e+06,986726
2072,2.30296e+06,986726
2072,2.30296e+06,2.69516e+06
2074,5.59145e+06,2.69516e+06
2076,867612,2.69516e+06
2068,867612,5.27467e+06
2070,5.66327e+06,5.27467e+06
2063,5.66327e+06,6.51767e+06
2065,8.38914e+06,6.51767e+06
2067,1.24612e+06,6.51767e+06
2067,1.24612e+06,4.46341e+06
2067,1.24612e+06,853846
2067,1.24612e+06,603550
2067,1.24612e+06,360169
2069,4.11787e+06,360169
2062,4.11787e+06,4.95595e+06
2064,1.20773e+06,4.95595e+06
2063,1.20773e+06,1.63415e+06
2065,3.37528e+06,1.63415e+06
2063,3.37528e+06,1.25739e+07
2065,1.11381e+07,1.25739e+07
2067,7.8744e+06,1.25739e+07
2064,7.8744e+06,4.37838e+07
2064,7.8744e+06,9.78341e+06
2066,3.08745e+06,9.78341e+06
2068,5.13615e+06,9.78341e+06
2070,1.42681e+06,9.78341e+06
2070,1.42681e+06,5.90909e+06
2072,1.08499e+06,5.90909e+06
2071,1.08499e+06,553309
2073,1.59459e+07,553309
2072,1.59459e+07,5.38129e+06
2071,1.59459e+07,3.89655e+06
2073,4.00997e+06,3.89655e+06
2073,4.00997e+06,322176
2071,4.00997e+06,3.42513e+06
2070,4.00997e+06,1.85545e+06
2072,4.06545e+06,1.85545e+06
2074,7.24047e+06,1.85545e+06
2065,7.24047e+06,1.19836e+07
2067,1.67246e+07,1.19836e+07
2065,1.67246e+07,3.17143e+06
2065,1.67246e+07,1.10204e+06
2065,1.67246e+07,1.22976e+07
2067,4.73408e+06,1.22976e+07
2069,1.7625e+06,1.22976e+07
2064,1.7625e+06,1e+07
2066,1.02711e+07,1e+07
2068,4.56938e+06,1e+07
2068,4.56938e+06,2.56872e+06
2068,4.56938e+06,2.14062e+06
2070,1.18076e+06,2.14062e+06
2068,1.18076e+06,1.55511e+06
2070,2.376e+06,1.55511e+06
2072,470948,1.55511e+06
2071,470948,4.36325e+06
2073,592308,4.36325e+06
2075,454545,4.36325e+06
2077,1.86216e+06,4.36325e+06
2079,2.92683e+06,4.36325e+06
2079,2.92683e+06,422840
2078,2.92683e+06,5.8141e+06
2080,3.68387e+06,5.8141e+06
2082,1.50857e+06,5.8141e+06
2082,1.50857e+06,2.57692e+06
2076,1.50857e+06,6.0449e+06
2078,5.58333e+06,6.0449e+06
2075,5.58333e+06,1.06667e+07
2077,7.39912e+06,1.06667e+07
2073,7.39912e+06,6.885e+06
2073,7.39912e+06,1.78771e+06
2073,7.39912e+06,2.35897e+06
2075,1.17267e+07,2.35897e+06
2067,1.17267e+07,9.65942e+06
2069,2.09111e+08,9.65942e+06
2071,1.20717e+06,9.65942e+06
2070,1.20717e+06,8.97872e+06
2070,1.20717e+06,174359
2072,1.28958e+07,174359
2074,1.53403e+06,174359
2076,2.16883e+06,174359
2074,2.16883e+06,3.57072e+06
2076,2.46962e+06,3.57072e+06
2078,74184,3.57072e+06
2073,74184,3.53359e+06
2075,4.23881e+06,3.53359e+06
2077,926097,3.53359e+06
2076,926097,3.38194e+06
2078,77504.7,3.38194e+06
2078,77504.7,881481
2080,3.87238e+06,881481
2077,3.87238e+06,3.51467e+06
2079,920635,3.51467e+06
2078,920635,1.75917e+07
2080,4.55172e+06,1.75917e+07
2082,539295,1.75917e+07
2082,539295,1.24254e+06
2084,152308,1.24254e+06
2086,1.29949e+06,1.24254e+06
2086,1.29949e+06,3.21498e+06
2086,1.29949e+06,2.8954e+06
2088,3.92988e+06,2.8954e+06
2090,2.45879e+06,2.8954e+06
2087,2.45879e+06,2.77125e+07
2087,2.45879e+06,1.23153e+06
2089,1.49737e+08,1.23153e+06
2087,1.49737e+08,4.13615e+06
2087,1.49737e+08,909871
2089,1.97442e+07,909871
2086,1.97442e+07,2.29263e+06
2084,1.97442e+07,6.56017e+06
2086,4.15601e+06,6.56017e+06
2086,4.15601e+06,407407
2086,4.15601e+06,6.98182e+06
2083,4.15601e+06,1.95294e+07
2085,6.20824e+06,1.95294e+07
2082,6.20824e+06,4.0197e+06
2084,2.26974e+06,4.0197e+06
2084,2.26974e+06,868159
2079,2.26974e+06,5.09143e+06
2081,7.75314e+06,5.09143e+06
2081,7.75314e+06,1.70202e+06
2081,7.75314e+06,811715
2083,4.476e+06,811715
2081,4.476e+06,1.81295e+06
2083,2.3715e+06,1.81295e+06
2079,2.3715e+06,4.26809e+06
2081,4.84884e+06,4.26809e+06
2081,4.84884e+06,327273
2079,4.84884e+06,5.64865e+06
2081,1.55372e+06,5.64865e+06
2083,2.50311e+06,5.64865e+06
2085,3.32114e+06,5.64865e+06
2085,3.32114e+06,1.15039e+07
2087,697248,1.15039e+07
2089,2.95325e+06,1.15039e+07
2089,2.95325e+06,4.67241e+06
2089,2.95325e+06,70175.4
2091,119923,70175.4
2091,119923,129630
2093,195652,129630
2090,195652,2.7471e+06
2092,6.83398e+06,2.7471e+06
2092,6.83398e+06,250765
2091,6.83398e+06,3.27887e+06
2093,653333,3.27887e+06
2093,653333,2.35827e+06
2095,3.82083e+06,2.35827e+06
2097,3.32292e+06,2.35827e+06
2095,3.32292e+06,5.07477e+06
2097,31042.1,5.07477e+06
2099,6.14107e+06,5.07477e+06
2099,6.14107e+06,327801
2098,6.14107e+06,2.45366e+06
2096,6.14107e+06,2.79076e+06
2096,6.14107e+06,8.35484e+06
2098,6.17577e+06,8.35484e+06
2095,6.17577e+06,8.55124e+06
2097,4.9876e+06,8.55124e+06
2097,4.9876e+06,7.98551e+06
2099,5.14428e+06,7.98551e+06
2098,5.14428e+06,9.75253e+06
2100,1.58468e+07,9.75253e+06
2100,1.58468e+07,5.90506e+06
2102,906818,5.90506e+06
2104,88524.6,5.90506e+06
2106,2.1178e+06,5.90506e+06
2105,2.1178e+06,2.62185e+06
2107,1.75654e+06,2.62185e+06
2107,1.75654e+06,2.2395e+06
2107,1.75654e+06,1.96271e+07
2109,8.85714e+06,1.96271e+07
2108,8.85714e+06,7.77994e+06
2110,982759,7.77994e+06
2112,2.31769e+06,7.77994e+06
2112,2.31769e+06,9.07586e+06
2114,4.15528e+06,9.07586e+06
2112,4.15528e+06,2.61561e+06
2114,1.89791e+06,2.61561e+06
2114,1.89791e+06,4.64583e+06
2116,7.72346e+06,4.64583e+06
2116,7.72346e+06,3.16364e+06
2115,7.72346e+06,2.06606e+07
2117,1.06911e+06,2.06606e+07
2119,1.37746e+06,2.06606e+07
2121,229947,2.06606e+07
2123,5.21596e+06,2.06606e+07
2123,5.21596e+06,819149
2125,88846.9,819149
2127,6.89007e+06,819149
2119,6.89007e+06,1.02756e+07
2121,2.64646e+07,1.02756e+07
2116,2.64646e+07,4.32143e+06
2118,3.23684e+06,4.32143e+06
2116,3.23684e+06,1.51e+07
2118,4.33645e+06,1.51e+07
2118,4.33645e+06,4.08962e+06
2120,3.86921e+06,4.08962e+06
2120,3.86921e+06,6.00461e+06
2122,1.22747e+06,6.00461e+06
2124,1.8313e+06,6.00461e+06
2124,1.8313e+06,2.33779e+06
2126,137313,2.33779e+06
2126,137313,6.24706e+06
2128,3.05732e+06,6.24706e+06
2125,3.05732e+06,7.55349e+06
2125,3.05732e+06,2.5814e+06
2127,4.62805e+06,2.5814e+06
2127,4.62805e+06,151125
2127,4.62805e+06,4.17231e+06
2129,1.61974e+06,4.17231e+06
2129,1.61974e+06,86956.5
2131,4.85122e+06,86956.5
2131,4.85122e+06,1.6087e+06
2129,4.85122e+06,2.16055e+06
2131,1.05581e+06,2.16055e+06
2133,2.15842e+06,2.16055e+06
2133,2.15842e+06,1.45858e+06
2135,2.10526e+06,1.45858e+06
2135,2.10526e+06,5.22642e+06
2137,3.21812e+06,5.22642e+06
2137,3.21812e+06,1.84368e+07
2136,3.21812e+06,2.60117e+06
2138,5.69598e+06,2.60117e+06
2138,5.69598e+06,871720
2140,1.07143e+06,871720
2136,1.07143e+06,5.14209e+06
2138,1.95933e+06,5.14209e+06
2140,4.08663e+06,5.14209e+06
2129,4.08663e+06,3.21127e+06
2131,2.98798e+06,3.21127e+06
2131,2.98798e+06,612583
2130,2.98798e+06,3.64557e+06
2130,2.98798e+06,1.08596e+07
2132,3.00248e+06,1.08596e+07
2131,3.00248e+06,2.49201e+06
2130,3.00248e+06,1.95798e+06
2132,187643,1.95798e+06
2134,6.77252e+06,1.95798e+06
2132,6.77252e+06,2.4e+07
2132,6.77252e+06,2.52451e+06
2134,3.44054e+06,2.52451e+06
2134,3.44054e+06,37815.1
2133,3.44054e+06,4.52353e+07
2135,2.13772e+06,4.52353e+07
2137,2e+06,4.52353e+07
2136,2e+06,2.27856e+06
2135,2e+06,4.80645e+06
2137,5.05724e+06,4.80645e+06
2137,5.05724e+06,1.03303e+06
2139,76481.8,1.03303e+06
2141,5.53271e+06,1.03303e+06
2137,5.53271e+06,1.01852e+07
2139,2.50583e+07,1.01852e+07
2134,2.50583e+07,4.88728e+06
2136,1.354e+07,4.88728e+06
2130,1.354e+07,9.2481e+06
2130,1.354e+07,129032
2132,6.53125e+06,129032
2129,6.53125e+06,3.99475e+06
2131,507426,3.99475e+06
2130,507426,1.71983e+06
2132,4.49518e+06,1.71983e+06
2127,4.49518e+06,3.07922e+06
2129,880150,3.07922e+06
2131,1.43691e+06,3.07922e+06
2133,1.72487e+06,3.07922e+06
2133,1.72487e+06,9.53883e+06
2135,802083,9.53883e+06
2137,1.22995e+06,9.53883e+06
2137,1.22995e+06,1.30024e+06
2137,1.22995e+06,779874
2137,1.22995e+06,189781
2139,1.88072e+06,189781
2139,1.88072e+06,1.21637e+06
2141,111756,1.21637e+06
2141,111756,162362
2140,111756,3.93165e+06
2142,1.60714e+06,3.93165e+06
2139,1.60714e+06,4.30682e+06
2141,3.72099e+06,4.30682e+06
2139,3.72099e+06,666016
2141,996610,666016
2139,996610,7.56034e+06
2141,3.68063e+06,7.56034e+06
2143,193676,7.56034e+06
2145,2.17448e+06,7.56034e+06
2145,2.17448e+06,2.18771e+06
2145,2.17448e+06,674312
2143,2.17448e+06,3.08456e+06
2145,3.31788e+06,3.08456e+06
2147,669506,3.08456e+06
2149,382826,3.08456e+06
2151,442049,3.08456e+06
2153,72749.7,3.08456e+06
2153,72749.7,1.52119e+07
2155,2.21569e+06,1.52119e+07
2151,2.21569e+06,2.57864e+06
2151,2.21569e+06,1.08458e+06
2153,5.32692e+06,1.08458e+06
2155,3.54769e+06,1.08458e+06
2155,3.54769e+06,1.63636e+07
2157,1.49673e+06,1.63636e+07
2156,1.49673e+06,3.507e+06
2158,2.59437e+06,3.507e+06
2160,1.4635e+06,3.507e+06
2159,1.4635e+06,1.87083e+07
2161,5.44255e+06,1.87083e+07
2156,5.44255e+06,1.54459e+07
2158,1.0067e+07,1.54459e+07
2154,1.0067e+07,6.46809e+06
2156,1.03277e+07,6.46809e+06
2153,1.03277e+07,4.13232e+06
2155,2.35165e+07,4.13232e+06
2157,1.15385e+06,4.13232e+06
2157,1.15385e+06,347594
2159,3.20732e+06,347594
2161,1.83816e+06,347594
2161,1.83816e+06,6.27273e+06
2157,1.83816e+06,4.81473e+06
2157,1.83816e+06,1.4717e+06
2159,1.27282e+07,1.4717e+06
2157,1.27282e+07,5.75e+06
2159,1.13066e+07,5.75e+06
2161,1.17699e+06,5.75e+06
2159,1.17699e+06,8.34586e+06
2161,2.38281e+06,8.34586e+06
2152,2.38281e+06,6.40888e+06
2154,2.95142e+06,6.40888e+06
2156,4.28012e+06,6.40888e+06
2154,4.28012e+06,3.374e+07
2156,315951,3.374e+07
2158,4.12308e+06,3.374e+07
2153,4.12308e+06,1.91312e+06
2153,4.12308e+06,1.41921e+06
2155,6.96137e+06,1.41921e+06
2151,6.96137e+06,2.1e+07
2153,1.42661e+06,2.1e+07
2147,1.42661e+06,3.25649e+06
2149,7.95166e+06,3.25649e+06
2149,7.95166e+06,5.49123e+06
2151,1.55126e+06,5.49123e+06
2151,1.55126e+06,1.21471e+07
2153,1.36513e+06,1.21471e+07
2155,832323,1.21471e+07
2157,2.07109e+06,1.21471e+07
2159,2.4484e+06,1.21471e+07
2158,2.4484e+06,1.0297e+06
2160,2.81818e+06,1.0297e+06
2154,2.81818e+06,6.69589e+06
2156,8.81139e+06,6.69589e+06
2156,8.81139e+06,6.875e+06
2158,5.7619e+06,6.875e+06
2150,5.7619e+06,8.63194e+06
2152,3.14076e+06,8.63194e+06
2143,3.14076e+06,3.49918e+06
2145,4.17117e+06,3.49918e+06
2147,2.25079e+06,3.49918e+06
2143,2.25079e+06,1.00651e+07
2145,2.37885e+07,1.00651e+07
2147,184647,1.00651e+07
2149,393064,1.00651e+07
2148,393064,1.83232e+06
2148,393064,203390
2150,2.61419e+06,203390
2150,2.61419e+06,3.02358e+06
2152,592357,3.02358e+06
2154,883072,3.02358e+06
2156,740525,3.02358e+06
2155,740525,1.27468e+07
2157,4.23418e+06,1.27468e+07
2157,4.23418e+06,1.04438e+06
2153,4.23418e+06,6.0605e+06
2155,2.10973e+06,6.0605e+06
2155,2.10973e+06,1.84146e+06
2157,4.67714e+06,1.84146e+06
2155,4.67714e+06,5.60099e+06
2157,54711.2,5.60099e+06
2156,54711.2,2.00896e+06
2158,1.16494e+07,2.00896e+06
2160,3.06596e+06,2.00896e+06
2154,3.06596e+06,4.06572e+06
2154,3.06596e+06,572347
2154,3.06596e+06,1.68125e+07
2154,3.06596e+06,2.28467e+06
2153,3.06596e+06,3.05028e+06
2155,3.43119e+06,3.05028e+06
2157,6.16667e+06,3.05028e+06
2157,6.16667e+06,5.54878e+06
2157,6.16667e+06,2.55752e+06
2157,6.16667e+06,1.29677e+06
2159,3.60456e+06,1.29677e+06
2161,303191,1.29677e+06
2163,7.93291e+06,1.29677e+06
2157,7.93291e+06,4.30599e+06
2159,5.56444e+06,4.30599e+06
2157,5.56444e+06,1.18571e+07
2159,3.47222e+06,1.18571e+07
2161,2.90649e+06,1.18571e+07
2160,2.90649e+06,7.41797e+06
2162,692797,7.41797e+06
2164,1.99725e+06,7.41797e+06
2166,740831,7.41797e+06
2165,740831,1.15642e+06
2167,337891,1.15642e+06
2166,337891,1.6318e+06
2166,337891,5.14286e+06
2168,5.59207e+06,5.14286e+06
2170,921941,5.14286e+06
2169,921941,1.71591e+07
2167,921941,1.83469e+06
2167,921941,7.28571e+06
2169,4.3299e+06,7.28571e+06
2171,1.26891e+06,7.28571e+06
2171,1.26891e+06,4.81868e+06
2168,1.26891e+06,4.36555e+06
2170,1.14362e+07,4.36555e+06
2172,2.38339e+06,4.36555e+06
2174,2.30612e+06,4.36555e+06
2173,2.30612e+06,2.12745e+06
2175,2.1708e+06,2.12745e+06
2175,2.1708e+06,8.20339e+06
2172,2.1708e+06,7.41888e+06
2174,5.13404e+07,7.41888e+06
2174,5.13404e+07,5.08497e+06
2174,5.13404e+07,1.21495e+06
2176,3.97572e+06,1.21495e+06
2175,3.97572e+06,5.30872e+06
2177,2.3693e+06,5.30872e+06
2177,2.3693e+06,5.71622e+06
2179,2.81513e+06,5.71622e+06
2175,2.81513e+06,4.75152e+06
2177,2.01667e+07,4.75152e+06
2179,9.07258e+06,4.75152e+06
2178,9.07258e+06,3.46753e+06
2180,236041,3.46753e+06
2182,3.82866e+06,3.46753e+06
2181,3.82866e+06,6.54167e+06
2179,3.82866e+06,837128
2179,3.82866e+06,671875
2181,723256,671875
2177,723256,3.44469e+06
2179,1.65339e+07,3.44469e+06
2177,1.65339e+07,5.0239e+06
2179,6.55769e+06,5.0239e+06
2178,6.55769e+06,2.45e+07
2178,6.55769e+06,2.09274e+06
2180,6.11894e+06,2.09274e+06
2179,6.11894e+06,1.24059e+06
2181,2.60883e+06,1.24059e+06
2181,2.60883e+06,651429
2181,2.60883e+06,4.33745e+06
2183,7.7026e+06,4.33745e+06
2178,7.7026e+06,5.43256e+06
2180,5.79389e+06,5.43256e+06
2182,1.2069e+06,5.43256e+06
2180,1.2069e+06,8.73932e+06
2182,1.51979e+07,8.73932e+06
2180,1.51979e+07,6.90764e+06
2182,2.53483e+06,6.90764e+06
2182,2.53483e+06,774648
2184,4.66798e+06,774648
2178,4.66798e+06,1.02096e+07
2180,1.875e+06,1.02096e+07
2182,2.93416e+06,1.02096e+07
2184,1.32692e+06,1.02096e+07
2186,1.03409e+06,1.02096e+07
2181,1.03409e+06,4.47293e+06
2183,2.3806e+06,4.47293e+06
2185,1.15714e+06,4.47293e+06
2187,2.60465e+06,4.47293e+06
2184,2.60465e+06,2.32897e+07
2186,2.37143e+07,2.32897e+07
2188,22964.5,2.32897e+07
2188,22964.5,3.75148e+06
2190,5.82532e+06,3.75148e+06
2182,5.82532e+06,5e+06
2184,1.60619e+07,5e+06
2186,6.64855e+06,5e+06
2188,1.78529e+06,5e+06
2187,1.78529e+06,3.33333e+06
2184,1.78529e+06,5.85948e+06
2186,1.41833e+06,5.85948e+06
2188,1.472e+07,5.85948e+06
2188,1.472e+07,1.89973e+06
2188,1.472e+07,933673
2188,1.472e+07,1.09402e+06
2188,1.472e+07,2.65323e+06
2188,1.472e+07,1.18182e+06
2190,5.11083e+06,1.18182e+06
2190,5.11083e+06,1.93077e+07
2189,5.11083e+06,1.621e+08
2189,5.11083e+06,3.25472e+06
2191,683274,3.25472e+06
2193,9.24e+06,3.25472e+06
2187,9.24e+06,5.53348e+06
2189,6.36715e+06,5.53348e+06
2191,3.52066e+06,5.53348e+06
2193,1.84762e+06,5.53348e+06
2195,3.03542e+06,5.53348e+06
2193,3.03542e+06,5.70435e+07
2195,2.90107e+06,5.70435e+07
2195,2.90107e+06,4.13253e+06
2194,2.90107e+06,1.29845e+06
2194,2.90107e+06,694158
2196,4.21538e+06,694158
2191,4.21538e+06,1.11294e+07
2193,3.47847e+06,1.11294e+07
2195,1.80417e+06,1.11294e+07
2195,1.80417e+06,2.14851e+06
2197,4.39609e+06,2.14851e+06
2199,440165,2.14851e+06
2199,440165,6.26351e+06
2195,440165,3.34012e+06
2197,2.15328e+07,3.34012e+06
2197,2.15328e+07,3.48936e+06
2199,2.72441e+06,3.48936e+06
2199,2.72441e+06,1.1537e+06
2201,84337.3,1.1537e+06
2203,3.78552e+06,1.1537e+06
2197,3.78552e+06,7.0647e+06
2199,9.43182e+06,7.0647e+06
2199,9.43182e+06,1.97561e+06
2201,4.09549e+06,1.97561e+06
2201,4.09549e+06,175074
2196,4.09549e+06,5.19205e+06
2198,1.04107e+07,5.19205e+06
2198,1.04107e+07,475610
2198,1.04107e+07,5.20354e+06
2198,1.04107e+07,1.06695e+06
2200,1.94953e+06,1.06695e+06
2199,1.94953e+06,2.10078e+06
2201,236515,2.10078e+06
2203,5.35845e+06,2.10078e+06
2203,5.35845e+06,3.94118e+06
2203,5.35845e+06,941463
2203,5.35845e+06,1.39623e+06
2205,1.28613e+06,1.39623e+06
2207,3.4693e+06,1.39623e+06
2205,3.4693e+06,1.97009e+06
2201,3.4693e+06,4.17922e+06
2203,1.7641e+07,4.17922e+06
2205,1.75158e+06,4.17922e+06
2200,1.75158e+06,2.7474e+06
2202,3.22256e+06,2.7474e+06
2202,3.22256e+06,6.17094e+06
2204,2.11611e+06,6.17094e+06
2206,1.61818e+06,6.17094e+06
2208,1.13003e+06,6.17094e+06
2206,1.13003e+06,2.90428e+06
2206,1.13003e+06,1.63095e+07
2208,1.02186e+06,1.63095e+07
2210,4.06426e+06,1.63095e+07
2209,4.06426e+06,1.39954e+06
2203,4.06426e+06,2.58523e+06
2205,1.05789e+06,2.58523e+06
2205,1.05789e+06,567976
2207,3.04043e+06,567976
2202,3.04043e+06,4.02906e+06
2204,7.09394e+06,4.02906e+06
2202,7.09394e+06,3.62039e+06
2204,3.81053e+07,3.62039e+06
2204,3.81053e+07,7.49673e+06
2206,1.82517e+06,7.49673e+06
2206,1.82517e+06,2e+07
2208,4.7043e+06,2e+07
2208,4.7043e+06,1.84884e+06
2210,1.33554e+06,1.84884e+06
2212,3.375e+06,1.84884e+06
2207,3.375e+06,9.79943e+06
2209,3.42222e+06,9.79943e+06
2209,3.42222e+06,2.58503e+06
2211,1.69126e+06,2.58503e+06
2213,6.76736e+06,2.58503e+06
2210,6.76736e+06,3.22754e+06
2212,4.0075e+06,3.22754e+06
2212,4.0075e+06,3.31818e+07
2212,4.0075e+06,1.30247e+06
2212,4.0075e+06,3.46713e+06
2214,3.09238e+06,3.46713e+06
2214,3.09238e+06,780645
2214,3.09238e+06,250980
2213,3.09238e+06,1.22188e+07
2215,4.94444e+06,1.22188e+07
2213,4.94444e+06,1.57913e+07
2211,4.94444e+06,3.31418e+06
2213,3.20259e+06,3.31418e+06
2213,3.20259e+06,937500
2205,3.20259e+06,4.52132e+06
2207,3.06053e+07,4.52132e+06
2209,303681,4.52132e+06
2211,2.36e+06,4.52132e+06
2213,962319,4.52132e+06
2205,962319,2.88283e+06
2207,2.13537e+06,2.88283e+06
2207,2.13537e+06,305221
2209,5.31928e+06,305221
2209,5.31928e+06,972727
2209,5.31928e+06,3.96721e+06
2211,1.20113e+06,3.96721e+06
2211,1.20113e+06,5.06977e+06
2208,1.20113e+06,4.8209e+06
2210,7.7933e+06,4.8209e+06
2209,7.7933e+06,2.59016e+06
2209,7.7933e+06,372000
2211,1.84788e+06,372000
2202,1.84788e+06,3.44011e+06
2204,1.5053e+07,3.44011e+06
2206,2.1069e+06,3.44011e+06
2208,434524,3.44011e+06
2208,434524,4.18699e+06
2206,434524,5.07857e+06
2205,434524,2.20172e+06
2207,9.25316e+06,2.20172e+06
2209,1.47541e+06,2.20172e+06
2201,1.47541e+06,1.06791e+07
2203,3.70976e+07,1.06791e+07
2205,5e+06,1.06791e+07
2201,5e+06,1.99018e+06
2201,5e+06,1.74312e+06
2201,5e+06,1.41318e+07
2203,1.203e+07,1.41318e+07
2205,2.54069e+06,1.41318e+07
2207,1.01995e+06,1.41318e+07
2207,1.01995e+06,6.59e+07
2209,2.51504e+06,6.59e+07
2209,2.51504e+06,2.58824e+06
2206,2.51504e+06,1.86965e+06
2208,6.16864e+06,1.86965e+06
2206,6.16864e+06,538210
2208,1.10586e+06,538210
2210,1.5194e+06,538210
2209,1.5194e+06,4.5431e+06
2211,923077,4.5431e+06
2213,1.75188e+06,4.5431e+06
2207,1.75188e+06,5.78e+06
2209,6.96154e+06,5.78e+06
2209,6.96154e+06,880503
2211,2.68919e+06,880503
2211,2.68919e+06,2.21642e+06
2210,2.68919e+06,4.83537e+06
2212,8.18852e+06,4.83537e+06
2212,8.18852e+06,5.36316e+06
2214,3.30599e+06,5.36316e+06
2216,981105,5.36316e+06
2213,981105,2.51681e+06
2210,981105,1.00278e+07
2212,3.12397e+06,1.00278e+07
2212,3.12397e+06,7.19876e+06
2214,2.22117e+06,7.19876e+06
2216,465854,7.19876e+06
2218,125402,7.19876e+06
2220,3.28278e+06,7.19876e+06
2220,3.28278e+06,948882
2217,3.28278e+06,2.5466e+06
2213,3.28278e+06,2.7619e+06
2215,1.64539e+06,2.7619e+06
2217,1.23964e+06,2.7619e+06
2215,1.23964e+06,7.88379e+06
2217,3.17333e+07,7.88379e+06
2219,2.09169e+06,7.88379e+06
2221,1.49644e+06,7.88379e+06
2221,1.49644e+06,1.71457e+06
2220,1.49644e+06,9.70792e+06
2222,1.54379e+07,9.70792e+06
2221,1.54379e+07,1.25444e+06
2223,861831,1.25444e+06
2225,4.78244e+06,1.25444e+06
2220,4.78244e+06,5.35912e+06
2222,6.99721e+06,5.35912e+06
2221,6.99721e+06,2.35055e+06
2219,6.99721e+06,5.66055e+06
2221,8.83846e+06,5.66055e+06
2216,8.83846e+06,7.39029e+06
2218,7.875e+06,7.39029e+06
2220,211650,7.39029e+06
2222,1.39648e+06,7.39029e+06
2222,1.39648e+06,1.01743e+07
2224,1.31235e+07,1.01743e+07
2226,2.93587e+06,1.01743e+07
2220,2.93587e+06,1.10085e+07
2222,5.5434e+07,1.10085e+07
2218,5.5434e+07,3.22766e+06
2220,1.27471e+07,3.22766e+06
2220,1.27471e+07,1.13068e+06
2222,2.58009e+06,1.13068e+06
2222,2.58009e+06,6.575e+06
2224,2.96036e+06,6.575e+06
2216,2.96036e+06,4.3619e+06
2216,2.96036e+06,1.41071e+07
2218,514286,1.41071e+07
2220,2.41111e+06,1.41071e+07
2220,2.41111e+06,2.45263e+06
2216,2.41111e+06,1.87963e+06
2218,4.93548e+06,1.87963e+06
2220,5.35088e+06,1.87963e+06
2220,5.35088e+06,6.12465e+06
2222,256757,6.12465e+06
2224,1.49544e+06,6.12465e+06
2226,1.30275e+06,6.12465e+06
2225,1.30275e+06,2.30123e+06
2227,3.9543e+06,2.30123e+06
2227,3.9543e+06,3.67718e+06
2229,2.89276e+06,3.67718e+06
2227,2.89276e+06,1.29202e+06
2227,2.89276e+06,132911
2229,2.62438e+06,132911
2227,2.62438e+06,4.48908e+06
2226,2.62438e+06,339833
2226,2.62438e+06,2.88263e+06
2228,1.52888e+06,2.88263e+06
2227,1.52888e+06,1.2433e+06
2224,1.52888e+06,2.48993e+06
2226,2.72093e+06,2.48993e+06
2226,2.72093e+06,458333
2228,2.2989e+06,458333
2228,2.2989e+06,105590
2223,2.2989e+06,2.56615e+06
2225,2.87629e+06,2.56615e+06
2227,1.73165e+06,2.56615e+06
2229,2.51028e+06,2.56615e+06
2229,2.51028e+06,1.87471e+07
2231,2.7618e+06,1.87471e+07
2221,2.7618e+06,4.0995e+06
2223,3.1304e+07,4.0995e+06
2221,3.1304e+07,1.31146e+07
2221,3.1304e+07,5.72222e+06
2223,212871,5.72222e+06
2225,2.21241e+06,5.72222e+06
2221,2.21241e+06,6.85153e+06
2223,5.97131e+06,6.85153e+06
2223,5.97131e+06,472727
2223,5.97131e+06,2.42237e+07
2225,808989,2.42237e+07
2227,5.08637e+06,2.42237e+07
2223,5.08637e+06,5.65511e+06
2225,1.66143e+06,5.65511e+06
2227,3.2626e+06,5.65511e+06
2222,3.2626e+06,1.37028e+06
2224,6.83165e+06,1.37028e+06
2222,6.83165e+06,5.18653e+06
2215,6.83165e+06,3.40421e+06
2217,1.4911e+07,3.40421e+06
2214,1.4911e+07,2.83439e+06
2212,1.4911e+07,3.57402e+06
2214,6.09626e+06,3.57402e+06
2211,6.09626e+06,1.44065e+07
2213,4.96833e+07,1.44065e+07
2210,4.96833e+07,4.16406e+07
2212,1.24304e+07,4.16406e+07
2212,1.24304e+07,3.24365e+06
2212,1.24304e+07,7.06667e+06
2212,1.24304e+07,721519
2212,1.24304e+07,8.61111e+06
2214,6.26728e+06,8.61111e+06
2216,144208,8.61111e+06
2216,144208,1.48852e+06
2213,144208,4.01852e+06
2215,1.41442e+07,4.01852e+06
2215,1.41442e+07,2.46212e+06
2217,699313,2.46212e+06
2219,6.38362e+06,2.46212e+06
2219,6.38362e+06,7.62963e+06
2221,8.94466e+06,7.62963e+06
2219,8.94466e+06,2.99214e+06
2218,8.94466e+06,1.24762e+06
2220,2.05034e+06,1.24762e+06
2220,2.05034e+06,2.64286e+06
2220,2.05034e+06,5.32353e+07
2222,2.83698e+06,5.32353e+07
2224,239032,5.32353e+07
2223,239032,2.37164e+06
2225,5.10178e+06,2.37164e+06
2223,5.10178e+06,6.14655e+06
2225,70588.2,6.14655e+06
2227,1.42105e+06,6.14655e+06
2229,1.88949e+06,6.14655e+06
2228,1.88949e+06,3.90415e+06
2228,1.88949e+06,1.24825e+06
2230,4.91368e+06,1.24825e+06
2231,11940.3,1.24825e+06
2228,11940.3,1.1479e+07
2230,1.87833e+07,1.1479e+07
2232,3.80878e+06,1.1479e+07
2230,3.80878e+06,2.08894e+06
2230,3.80878e+06,8.08421e+06
2232,3.9112e+06,8.08421e+06
2232,3.9112e+06,3.08434e+06
2234,3.60541e+06,3.08434e+06
2236,2.80645e+06,3.08434e+06
2233,2.80645e+06,2.604e+08
2235,2.50202e+07,2.604e+08
2230,2.50202e+07,5.57407e+06
2232,4.86531e+06,5.57407e+06
2232,4.86531e+06,4.97619e+06
2234,1.44118e+06,4.97619e+06
2233,1.44118e+06,1.29668e+06
2235,5.34742e+06,1.29668e+06
2237,6.88608e+06,1.29668e+06
2233,6.88608e+06,1.56103e+07
2235,2.86585e+06,1.56103e+07
2234,2.86585e+06,2.56047e+07
2236,2.7931e+06,2.56047e+07
2238,1.80195e+06,2.56047e+07
2238,1.80195e+06,1.63433e+07
2238,1.80195e+06,3.88764e+06
2240,1.65429e+06,3.88764e+06
2242,7.13366e+06,3.88764e+06
2242,7.13366e+06,1.99156e+06
2241,7.13366e+06,1.72222e+06
2240,7.13366e+06,1.48045e+06
2242,6.77181e+06,1.48045e+06
2238,6.77181e+06,5.29977e+06
2240,1.16197e+06,5.29977e+06
2242,1.18667e+06,5.29977e+06
2242,1.18667e+06,644670
2241,1.18667e+06,1.61316e+06
2243,4.61353e+06,1.61316e+06
2241,4.61353e+06,2.801e+06
2241,4.61353e+06,1.30256e+06
2243,652278,1.30256e+06
2242,652278,4.6575e+07
2244,4.58743e+06,4.6575e+07
2242,4.58743e+06,3.61538e+06
2244,4.32174e+07,3.61538e+06
2241,4.32174e+07,9.67986e+06
2243,1.20495e+07,9.67986e+06
2243,1.20495e+07,6.10714e+06
2243,1.20495e+07,3.60177e+06
2245,1.43215e+06,3.60177e+06
2247,1.56371e+06,3.60177e+06
2246,1.56371e+06,1.45333e+06
2248,402027,1.45333e+06
2247,402027,4.32836e+06
2249,920168,4.32836e+06
2249,920168,1e+07
2249,920168,1.09172e+06
2249,920168,618557
2251,3.96171e+06,618557
2251,3.96171e+06,5.07595e+06
2251,3.96171e+06,136095
2253,217538,136095
2255,248780,136095
2257,428875,136095
2259,2.23674e+06,136095
2256,2.23674e+06,1.00208e+07
2258,7.82533e+06,1.00208e+07
2257,7.82533e+06,3.75983e+06
2259,2.6875e+06,3.75983e+06
2259,2.6875e+06,7.45833e+06
2261,2.41608e+06,7.45833e+06
2257,2.41608e+06,5.5e+06
2259,6e+06,5.5e+06
2261,4.13221e+06,5.5e+06
2261,4.13221e+06,2.29831e+06
2261,4.13221e+06,7.28025e+06
2261,4.13221e+06,1.66204e+06
2263,3.89593e+06,1.66204e+06
2260,3.89593e+06,3.21111e+06
2262,1.88728e+07,3.21111e+06
2260,1.88728e+07,9.70554e+06
2260,1.88728e+07,2.98802e+06
2258,1.88728e+07,2.31132e+06
2260,4.984e+06,2.31132e+06
2262,94142.3,2.31132e+06
2264,1.35452e+06,2.31132e+06
2266,2.15522e+06,2.31132e+06
2266,2.15522e+06,1.60829e+06
2263,2.15522e+06,2.90678e+06
2262,2.15522e+06,1.41975e+06
2264,808477,1.41975e+06
2264,808477,3.19018e+06
2266,5.97132e+06,3.19018e+06
2259,5.97132e+06,3.45856e+06
2257,5.97132e+06,7.376e+06
2259,1.86364e+06,7.376e+06
2261,3.70518e+06,7.376e+06
2263,703125,7.376e+06
2262,703125,1.98347e+06
2262,703125,3.61207e+06
2264,1.85455e+06,3.61207e+06
2266,2.17333e+06,3.61207e+06
2268,1.05066e+06,3.61207e+06
2270,26378.9,3.61207e+06
2270,26378.9,5.66387e+06
2272,3.12698e+06,5.66387e+06
2272,3.12698e+06,6.45763e+06
2272,3.12698e+06,935393
2270,3.12698e+06,2.74151e+06
2268,3.12698e+06,6.0303e+06
2270,2.25224e+07,6.0303e+06
2263,2.25224e+07,4.64749e+06
2265,3.40755e+06,4.64749e+06
2267,3.03353e+06,4.64749e+06
2267,3.03353e+06,1.47143e+07
2269,9.4216e+06,1.47143e+07
2269,9.4216e+06,2.33952e+06
2271,470886,2.33952e+06
2271,470886,870968
2273,1.6849e+06,870968
2275,455319,870968
2275,455319,1.79545e+06
2275,455319,822102
2266,455319,1.73941e+06
2266,455319,1.12621e+06
2268,1.35285e+07,1.12621e+06
2266,1.35285e+07,3.61602e+06
2266,1.35285e+07,6.5935e+06
2266,1.35285e+07,2.69231e+06
2268,836910,2.69231e+06
2270,546931,2.69231e+06
2272,540948,2.69231e+06
2274,567718,2.69231e+06
2274,567718,765714
2276,74742.3,765714
2276,74742.3,1.09016e+06
2276,74742.3,1.26723e+06
2278,1.95068e+06,1.26723e+06
2273,1.95068e+06,2.14969e+06
2275,1.03585e+07,2.14969e+06
2275,1.03585e+07,1.46789e+06
2277,3.67601e+06,1.46789e+06
2275,3.67601e+06,3.06827e+06
2277,1.60108e+06,3.06827e+06
2277,1.60108e+06,2.71649e+06
2279,396761,2.71649e+06
2278,396761,2.30398e+06
2278,396761,1.61818e+06
2280,2.10948e+06,1.61818e+06
2273,2.10948e+06,2.91094e+06
2275,2.60882e+07,2.91094e+06
2277,5.75568e+06,2.91094e+06
2264,5.75568e+06,3.19243e+06
2266,5.98535e+06,3.19243e+06
2268,7.21345e+06,3.19243e+06
2263,7.21345e+06,3.36572e+06
2265,728155,3.36572e+06
2264,728155,1.43701e+06
2266,4.6036e+06,1.43701e+06
2268,1.30118e+06,1.43701e+06
2267,1.30118e+06,7.91579e+06
2269,1.93664e+06,7.91579e+06
2268,1.93664e+06,3.55362e+06
2270,3.23948e+06,3.55362e+06
2272,1.65424e+06,3.55362e+06
2270,1.65424e+06,2.43958e+06
2272,2.08333e+06,2.43958e+06
2272,2.08333e+06,2.11961e+07
2271,2.08333e+06,3.65075e+06
2273,564626,3.65075e+06
2275,750000,3.65075e+06
2277,744235,3.65075e+06
2276,744235,2.86465e+06
2278,2.6902e+06,2.86465e+06
2280,2.33149e+06,2.86465e+06
2278,2.33149e+06,1.24226e+06
2280,729282,1.24226e+06
2280,729282,1.95726e+06
2282,966862,1.95726e+06
2284,3.6038e+06,1.95726e+06
2280,3.6038e+06,1.11125e+07
2280,3.6038e+06,3.7197e+06
2280,3.6038e+06,425641
2282,3.10261e+07,425641
2279,3.10261e+07,2.87661e+07
2281,3.8125e+07,2.87661e+07
2283,2.18571e+06,2.87661e+07
2283,2.18571e+06,63621.5
2279,2.18571e+06,3.16184e+06
2281,331715,3.16184e+06
2283,3.63415e+06,3.16184e+06
2278,3.63415e+06,1.97985e+06
2278,3.63415e+06,6.02655e+06
2280,1.3681e+06,6.02655e+06
2277,1.3681e+06,4.33333e+06
2279,4.36498e+06,4.33333e+06
2281,2.9451e+06,4.33333e+06
2281,2.9451e+06,1.35469e+07
2280,2.9451e+06,3.03132e+06
2282,2.02027e+06,3.03132e+06
2281,2.02027e+06,1.36364e+06
2279,2.02027e+06,1.86842e+06
2281,8.22249e+06,1.86842e+06
2280,8.22249e+06,1.40599e+07
2278,8.22249e+06,2.70041e+06
2280,269388,2.70041e+06
2280,269388,1.43548e+06
2282,5.3082e+06,1.43548e+06
2284,1.46805e+06,1.43548e+06
2278,1.46805e+06,3.40094e+06
2280,6.40136e+06,3.40094e+06
2277,6.40136e+06,8.29008e+06
2279,2.79747e+06,8.29008e+06
2272,2.79747e+06,3.51413e+06
2274,5.23768e+06,3.51413e+06
2274,5.23768e+06,1.07223e+06
2274,5.23768e+06,2801.12
2273,5.23768e+06,8.83206e+06
2275,1.36026e+06,8.83206e+06
2277,62360.8,8.83206e+06
2279,3.5e+06,8.83206e+06
2279,3.5e+06,1.90397e+06
2281,1.47667e+06,1.90397e+06
2281,1.47667e+06,610390
2276,1.47667e+06,3.62302e+06
2278,1.17868e+07,3.62302e+06
2277,1.17868e+07,6.65574e+06
2277,1.17868e+07,7.94558e+06
2279,8.66957e+06,7.94558e+06
2281,3.3079e+06,7.94558e+06
2277,3.3079e+06,2.49738e+06
2279,1.35656e+06,2.49738e+06
2281,736486,2.49738e+06
2280,736486,2.924e+07
2282,225750,2.924e+07
2278,225750,3.05118e+06
2280,2.13636e+06,3.05118e+06
2276,2.13636e+06,2.61737e+06
2278,4.60489e+06,2.61737e+06
2280,977169,2.61737e+06
2280,977169,549784
2277,977169,2.32335e+06
2279,9.31754e+06,2.32335e+06
2279,9.31754e+06,146667
2278,9.31754e+06,3.29299e+06
2277,9.31754e+06,7.64545e+07
2279,4.51282e+06,7.64545e+07
2279,4.51282e+06,1.60755e+06
2281,6.35097e+06,1.60755e+06
2274,6.35097e+06,2.83736e+06
2276,8.88288e+06,2.83736e+06
2273,8.88288e+06,7.20124e+06
2273,8.88288e+06,1.80952e+06
2275,3.02887e+06,1.80952e+06
2277,3.66578e+06,1.80952e+06
2279,1.18599e+06,1.80952e+06
2274,1.18599e+06,2.29699e+06
2274,1.18599e+06,1.16438e+06
2276,4.75979e+06,1.16438e+06
2271,4.75979e+06,4.41429e+06
2273,3.2375e+07,4.41429e+06
2275,2.5e+06,4.41429e+06
2267,2.5e+06,1.4023e+06
2269,3.37075e+06,1.4023e+06
2268,3.37075e+06,1.47917e+07
2270,2.29799e+06,1.47917e+07
2272,1.00298e+06,1.47917e+07
2271,1.00298e+06,1.72524e+06
2271,1.00298e+06,1.04012e+06
2273,4.81629e+06,1.04012e+06
2273,4.81629e+06,41162.2
2260,4.81629e+06,2.4433e+06
2262,5.17803e+06,2.4433e+06
2264,2.66231e+06,2.4433e+06
2264,2.66231e+06,5.08122e+06
2266,1.22056e+06,5.08122e+06
2266,1.22056e+06,310448
2266,1.22056e+06,1.82407e+06
2263,1.22056e+06,1.66082e+06
2265,3.28517e+06,1.66082e+06
2267,2.20649e+06,1.66082e+06
2264,2.20649e+06,4.58394e+06
2266,980392,4.58394e+06
2268,1.15944e+07,4.58394e+06
2268,1.15944e+07,3.35e+06
2268,1.15944e+07,22988.5
2265,1.15944e+07,1.13793e+07
2267,7.20312e+06,1.13793e+07
2267,7.20312e+06,3.24706e+06
2267,7.20312e+06,3.824e+06
2269,2.50147e+06,3.824e+06
2269,2.50147e+06,352273
2271,152225,352273
2273,1.92606e+06,352273
2275,370703,352273
2273,370703,3.03974e+07
2275,6.6337e+06,3.03974e+07
2277,775281,3.03974e+07
2272,775281,5.44348e+06
2274,8.86139e+06,5.44348e+06
2274,8.86139e+06,747331
2270,8.86139e+06,1.73881e+06
2272,7.71523e+06,1.73881e+06
2271,7.71523e+06,2.60152e+06
2273,4e+06,2.60152e+06
2268,4e+06,3.41386e+06
2270,2.60241e+06,3.41386e+06
2272,3.70657e+06,3.41386e+06
2264,3.70657e+06,4.11817e+06
2266,1.15082e+07,4.11817e+06
2266,1.15082e+07,1.475e+06
2264,1.15082e+07,2.31392e+07
2266,3.69194e+06,2.31392e+07
2268,2.45355e+06,2.31392e+07
2270,1.29972e+06,2.31392e+07
2270,1.29972e+06,2.71967e+07
2272,4.85202e+06,2.71967e+07
2267,4.85202e+06,2.80312e+06
2269,1.5e+07,2.80312e+06
2269,1.5e+07,1.44715e+06
2265,1.5e+07,4.68136e+06
2267,1.40756e+07,4.68136e+06
2266,1.40756e+07,2.46988e+06
2268,1.991e+06,2.46988e+06
2268,1.991e+06,526882
2270,144295,526882
2268,144295,5.43785e+06
2270,6.8125e+06,5.43785e+06
2270,6.8125e+06,1.48083e+06
2272,960251,1.48083e+06
2272,960251,4.4385e+06
2274,1.22774e+06,4.4385e+06
2276,2.38517e+06,4.4385e+06
2274,2.38517e+06,2.55123e+06
2276,4.5814e+06,2.55123e+06
2271,4.5814e+06,3.0267e+06
2273,1.20226e+07,3.0267e+06
2268,1.20226e+07,4.41211e+06
2270,3.42807e+06,4.41211e+06
2270,3.42807e+06,890785
2270,3.42807e+06,621212
2267,3.42807e+06,4.56481e+06
2269,830149,4.56481e+06
2271,4.74825e+06,4.56481e+06
2273,1.96239e+06,4.56481e+06
2267,1.96239e+06,1.17758e+07
2269,2.62308e+07,1.17758e+07
2268,2.62308e+07,4.27308e+06
2270,3.74479e+06,4.27308e+06
2269,3.74479e+06,312842
2271,1.10616e+06,312842
2270,1.10616e+06,1.84194e+06
2272,4.02761e+06,1.84194e+06
2268,4.02761e+06,1.39462e+06
2268,4.02761e+06,433180
2270,1.48705e+06,433180
2268,1.48705e+06,2.17917e+06
2270,2.66362e+06,2.17917e+06
2272,1.12467e+06,2.17917e+06
2269,1.12467e+06,3.86014e+06
2271,77876.1,3.86014e+06
2271,77876.1,182519
2273,598063,182519
2275,1.15324e+06,182519
2277,1.09375e+06,182519
2274,1.09375e+06,3.67238e+06
2276,1.67273e+07,3.67238e+06
2273,1.67273e+07,3.39651e+06
2275,3.26027e+06,3.39651e+06
2273,3.26027e+06,3.41509e+06
2275,2.6834e+06,3.41509e+06
2277,262582,3.41509e+06
2276,262582,2.21078e+06
2275,262582,1.58011e+06
2277,1.94477e+06,1.58011e+06
2279,1.70396e+06,1.58011e+06
2279,1.70396e+06,3.10811e+06
2271,1.70396e+06,3.29397e+06
2273,1.20939e+07,3.29397e+06
2270,1.20939e+07,2.53817e+06
2272,3.3069e+07,2.53817e+06
2272,3.3069e+07,1.57818e+06
2268,3.3069e+07,2.04153e+06
2263,3.3069e+07,1.74343e+06
2265,8.67944e+06,1.74343e+06
2265,8.67944e+06,596330
2267,2.7583e+06,596330
2266,2.7583e+06,7.07653e+06
2262,2.7583e+06,2.87574e+06
2264,6.06069e+06,2.87574e+06
2266,1.80499e+06,2.87574e+06
2263,1.80499e+06,1.34348e+07
2265,2.08e+07,1.34348e+07
2267,1.32425e+06,1.34348e+07
2269,104839,1.34348e+07
2269,104839,1.56607e+07
2271,386185,1.56607e+07
2271,386185,1.69118e+06
2273,1.58874e+06,1.69118e+06
2273,1.58874e+06,822917
2275,1.73e+06,822917
2275,1.73e+06,261905
2273,1.73e+06,1.30786e+07
2275,9.26667e+06,1.30786e+07
2277,1.04882e+06,1.30786e+07
2277,1.04882e+06,6.86124e+06
2276,1.04882e+06,5.63598e+06
2278,4.16642e+06,5.63598e+06
2278,4.16642e+06,1.30267e+06
2277,4.16642e+06,5.51737e+06
2277,4.16642e+06,1.02632e+07
2279,2.00581e+06,1.02632e+07
2277,2.00581e+06,1.81046e+06
2279,4.33705e+06,1.81046e+06
2281,76704.5,1.81046e+06
2279,76704.5,1.25806e+06
2279,76704.5,3.65022e+06
2277,76704.5,4.77841e+06
2279,1.12231e+07,4.77841e+06
2279,1.12231e+07,4.12602e+06
2281,1.87234e+06,4.12602e+06
2279,1.87234e+06,1.17247e+06
2279,1.87234e+06,3.03497e+06
2281,7.66667e+06,3.03497e+06
2278,7.66667e+06,6.00781e+06
2280,1.3913e+06,6.00781e+06
2280,1.3913e+06,458537
2282,2.7129e+06,458537
2281,2.7129e+06,2.52083e+06
2283,4.06469e+06,2.52083e+06
2274,4.06469e+06,2.17677e+06
2274,4.06469e+06,1.07273e+07
2276,6.34286e+07,1.07273e+07
2276,6.34286e+07,1.35357e+06
2276,6.34286e+07,163842
2278,3.1811e+06,163842
2270,3.1811e+06,4.63314e+06
2272,2.69245e+07,4.63314e+06
2265,2.69245e+07,4.22073e+06
2267,1.00706e+07,4.22073e+06
2259,1.00706e+07,3.60668e+06
2261,1.13922e+07,3.60668e+06
2258,1.13922e+07,4.23077e+06
2260,1.55915e+07,4.23077e+06
2262,1.96026e+06,4.23077e+06
2260,1.96026e+06,2.1996e+06
2262,3.26695e+06,2.1996e+06
2262,3.26695e+06,4.57692e+06
2264,2.23632e+06,4.57692e+06
2260,2.23632e+06,2.26581e+06
2262,5.02801e+06,2.26581e+06
2257,5.02801e+06,1.91429e+06
2259,2.22564e+07,1.91429e+06
2255,2.22564e+07,1.76751e+06
2255,2.22564e+07,4.17e+07
2252,2.22564e+07,1.83519e+06
2254,6.58333e+06,1.83519e+06
2253,6.58333e+06,2.5624e+06
2255,2.95134e+06,2.5624e+06
2257,1.81973e+06,2.5624e+06
2256,1.81973e+06,6.67742e+06
2256,1.81973e+06,5.29787e+06
2258,2.88107e+06,5.29787e+06
2260,1.52126e+06,5.29787e+06
2256,1.52126e+06,1.7767e+06
2256,1.52126e+06,686275
2258,1.82804e+06,686275
2258,1.82804e+06,6.78571e+06
2260,877193,6.78571e+06
2262,621901,6.78571e+06
2261,621901,2.30825e+06
2259,621901,1.54528e+07
2261,4.67539e+06,1.54528e+07
2263,1.1491e+06,1.54528e+07
2262,1.1491e+06,2.25996e+06
2264,5.54747e+06,2.25996e+06
2263,5.54747e+06,390181
2260,5.54747e+06,5.51759e+06
2262,1.43947e+07,5.51759e+06
2260,1.43947e+07,6.27027e+06
2262,5.39442e+06,6.27027e+06
2264,2.08418e+06,6.27027e+06
2266,1.05045e+06,6.27027e+06
2262,1.05045e+06,4.77559e+06
2264,4.83188e+06,4.77559e+06
2264,4.83188e+06,1.14894e+06
2266,152174,1.14894e+06
2266,152174,9.73113e+06
2268,2.69231e+06,9.73113e+06
2268,2.69231e+06,2.64565e+06
2270,9.53791e+06,2.64565e+06
2269,9.53791e+06,2.78947e+06
2271,234951,2.78947e+06
2273,912621,2.78947e+06
2273,912621,3.85e+06
2273,912621,9.35849e+06
2275,7.75248e+06,9.35849e+06
2272,7.75248e+06,4.93511e+06
2274,3.7971e+06,4.93511e+06
2276,1.97054e+06,4.93511e+06
2271,1.97054e+06,2.11356e+06
2273,4.13037e+06,2.11356e+06
2265,4.13037e+06,1.71537e+06
2267,5.82422e+06,1.71537e+06
2267,5.82422e+06,2.56606e+07
2265,5.82422e+06,827768
2267,6.13158e+06,827768
2264,6.13158e+06,2.74555e+06
2266,1.11498e+06,2.74555e+06
2268,260647,2.74555e+06
2268,260647,1.25794e+06
2270,4.06571e+06,1.25794e+06
2270,4.06571e+06,362319
2265,4.06571e+06,1.95897e+07
2267,2.18773e+06,1.95897e+07
2267,2.18773e+06,643836
2266,2.18773e+06,1.07166e+07
2268,2.33846e+07,1.07166e+07
2270,6.90289e+06,1.07166e+07
2270,6.90289e+06,1.3297e+07
2269,6.90289e+06,832117
2269,6.90289e+06,4.97143e+06
2271,5.13229e+06,4.97143e+06
2271,5.13229e+06,2.44706e+06
2271,5.13229e+06,3.4555e+06
2273,84233.3,3.4555e+06
2275,2.55844e+06,3.4555e+06
2275,2.55844e+06,1.90588e+07
2277,1.13314e+06,1.90588e+07
2275,1.13314e+06,5.95e+06
2277,786948,5.95e+06
2277,786948,5.87245e+06
2279,4.23988e+06,5.87245e+06
2279,4.23988e+06,159509
2279,4.23988e+06,1.73789e+06
2281,2.20925e+06,1.73789e+06
2283,1.55046e+06,1.73789e+06
2283,1.55046e+06,2.97447e+07
2283,1.55046e+06,374074
2285,6.98214e+06,374074
2285,6.98214e+06,637838
2281,6.98214e+06,6.51582e+06
2283,3.16935e+06,6.51582e+06
2283,3.16935e+06,2.16575e+06
2283,3.16935e+06,709024
2285,1.09531e+06,709024
2282,1.09531e+06,1.8365e+06
2284,1.48909e+06,1.8365e+06
2286,2.15711e+06,1.8365e+06
2280,2.15711e+06,8.45427e+06
2282,6.55396e+06,8.45427e+06
2284,2.19186e+07,8.45427e+06
2284,2.19186e+07,3.34444e+06
2283,2.19186e+07,2.01842e+07
2285,2.56679e+06,2.01842e+07
2284,2.56679e+06,1.8209e+06
2286,5.36027e+06,1.8209e+06
2286,5.36027e+06,1.97455e+06
2288,2.89848e+06,1.97455e+06
2285,2.89848e+06,2.56401e+06
2285,2.89848e+06,6.92857e+06
2287,722826,6.92857e+06
2289,2.80135e+06,6.92857e+06
2286,2.80135e+06,1.79268e+07
2288,1.33253e+07,1.79268e+07
2288,1.33253e+07,4.43836e+06
2280,1.33253e+07,2.05505e+06
2282,3.89691e+06,2.05505e+06
2284,470100,2.05505e+06
2284,470100,820717
2284,470100,5.03846e+06
2284,470100,2.86429e+06
2286,43726.2,2.86429e+06
2288,687371,2.86429e+06
2288,687371,2.3125e+06
2290,6.49468e+06,2.3125e+06
2285,6.49468e+06,8.97661e+06
2287,1.67273e+07,8.97661e+06
2289,1.07574e+07,8.97661e+06
2285,1.07574e+07,2.65591e+06
2287,697389,2.65591e+06
2289,1.78552e+06,2.65591e+06
2285,1.78552e+06,8.52381e+06
2287,1.1407e+07,8.52381e+06
2286,1.1407e+07,2.26389e+07
2286,1.1407e+07,61538.5
2288,235294,61538.5
2290,550926,61538.5
2290,550926,295455
2289,550926,2.27895e+06
2291,312057,2.27895e+06
2291,312057,5.05455e+06
2293,2.69895e+06,5.05455e+06
2293,2.69895e+06,5.75701e+06
2295,738832,5.75701e+06
2295,738832,1.89883e+06
2295,738832,64885.5
2292,738832,1.65759e+06
2294,1.14887e+07,1.65759e+06
2294,1.14887e+07,1.06867e+07
2294,1.14887e+07,2.165e+06
2294,1.14887e+07,3.40881e+06
2296,1.74903e+06,3.40881e+06
2298,335052,3.40881e+06
2300,7.25e+06,3.40881e+06
2290,7.25e+06,2.65792e+06
2292,1.2e+07,2.65792e+06
2294,959233,2.65792e+06
2296,23489.9,2.65792e+06
2296,23489.9,168224
2296,23489.9,852941
2298,2.45e+06,852941
2297,2.45e+06,3.43986e+06
2299,488127,3.43986e+06
2299,488127,2.61592e+06
2301,2.64826e+06,2.61592e+06
2301,2.64826e+06,442922
2303,1.23469e+06,442922
2301,1.23469e+06,1.35324e+06
2303,549763,1.35324e+06
2303,549763,1.90355e+06
2302,549763,5.20522e+06
2304,7.44149e+06,5.20522e+06
2306,2.145e+06,5.20522e+06
2301,2.145e+06,5.60805e+06
2303,4.7148e+06,5.60805e+06
2305,1.28111e+06,5.60805e+06
2307,706177,5.60805e+06
2305,706177,2.71311e+06
2307,282051,2.71311e+06
2307,282051,4.27037e+06
2309,2.32997e+06,4.27037e+06
2308,2.32997e+06,3.57806e+06
2310,2.9851e+06,3.57806e+06
2312,748899,3.57806e+06
2312,748899,9.56863e+06
2314,2.37363e+06,9.56863e+06
2314,2.37363e+06,2.2e+06
2316,1.83404e+06,2.2e+06
2310,1.83404e+06,2.10832e+06
2312,2.79255e+06,2.10832e+06
2305,2.79255e+06,2.23204e+06
2302,2.79255e+06,3.15244e+06
2304,4.5502e+06,3.15244e+06
2306,5.37479e+06,3.15244e+06
2299,5.37479e+06,3.98931e+06
2301,3.07895e+07,3.98931e+06
2301,3.07895e+07,4.04167e+07
2301,3.07895e+07,3.67686e+06
2303,1.33051e+07,3.67686e+06
2305,1.24778e+08,3.67686e+06
2303,1.24778e+08,1.74046e+07
2305,1.15308e+07,1.74046e+07
2300,1.15308e+07,2.26791e+06
2302,5.23146e+06,2.26791e+06
2300,5.23146e+06,1.99701e+06
2302,70093.5,1.99701e+06
2302,70093.5,1.00947e+07
2302,70093.5,3.42667e+06
2304,1.10781e+07,3.42667e+06
2304,1.10781e+07,1.23988e+06
2302,1.10781e+07,2.32927e+06
2304,2.57485e+06,2.32927e+06
2303,2.57485e+06,3.47273e+06
2303,2.57485e+06,1.236e+07
2305,972431,1.236e+07
2304,972431,2.63277e+06
2306,3.65913e+06,2.63277e+06
2308,525727,2.63277e+06
2297,525727,3.85341e+06
2299,4.0881e+07,3.85341e+06
2294,4.0881e+07,2.11232e+06
2296,4.88182e+06,2.11232e+06
2298,2.27438e+06,2.11232e+06
2298,2.27438e+06,2.43878e+06
2300,2.26545e+06,2.43878e+06
2297,2.26545e+06,1.58778e+06
2294,2.26545e+06,1.89933e+06
2292,2.26545e+06,2.25564e+06
2294,3.98135e+06,2.25564e+06
2296,1.12108e+06,2.25564e+06
2294,1.12108e+06,2.93939e+06
2296,2.73585e+06,2.93939e+06
2298,2.13347e+06,2.93939e+06
2296,2.13347e+06,3.89674e+06
2296,2.13347e+06,1.74148e+06
2298,4.04646e+06,1.74148e+06
2300,671902,1.74148e+06
2298,671902,2.6173e+06
2296,671902,5.14857e+06
2298,4.85805e+06,5.14857e+06
2300,802030,5.14857e+06
2296,802030,3.45344e+06
2298,1.91743e+06,3.45344e+06
2300,3.78674e+06,3.45344e+06
2297,3.78674e+06,1.52643e+06
2299,438119,1.52643e+06
2301,1.55757e+06,1.52643e+06
2301,1.55757e+06,1.75769e+07
2293,1.55757e+06,2.57636e+06
2295,1.19915e+07,2.57636e+06
2295,1.19915e+07,533546
2297,1.30887e+06,533546
2295,1.30887e+06,3.08351e+06
2295,1.30887e+06,8.92308e+06
2297,8.66146e+06,8.92308e+06
2288,8.66146e+06,2.53186e+06
2290,5.67782e+06,2.53186e+06
2292,2.25714e+06,2.53186e+06
2290,2.25714e+06,1.42857e+06
2290,2.25714e+06,1.42619e+07
2289,2.25714e+06,3.48655e+06
2291,6.09052e+06,3.48655e+06
2290,6.09052e+06,802920
2292,4.69565e+06,802920
2291,4.69565e+06,6.90526e+06
2291,4.69565e+06,1.09926e+06
2287,4.69565e+06,2.90015e+06
2289,1.58182e+07,2.90015e+06
2288,1.58182e+07,8.71379e+06
2290,3.32553e+06,8.71379e+06
2292,4.72593e+06,8.71379e+06
2294,2.42451e+06,8.71379e+06
2293,2.42451e+06,2.74314e+06
2295,6.98697e+06,2.74314e+06
2285,6.98697e+06,2.85596e+06
2283,6.98697e+06,3.69149e+06
2285,9.84138e+07,3.69149e+06
2284,9.84138e+07,1.48e+08
2286,1.34677e+06,1.48e+08
2288,1.09735e+06,1.48e+08
2290,1.32638e+06,1.48e+08
2287,1.32638e+06,1.89127e+06
2284,1.32638e+06,1.62544e+06
2284,1.32638e+06,861111
2286,6.4693e+06,861111
2286,6.4693e+06,1.32451e+07
2288,566929,1.32451e+07
2290,750000,1.32451e+07
2292,1.64944e+06,1.32451e+07
2290,1.64944e+06,2.06226e+07
2292,5.3414e+06,2.06226e+07
2289,5.3414e+06,2.10054e+06
2291,452586,2.10054e+06
2293,1.68862e+06,2.10054e+06
2293,1.68862e+06,335664
2295,2.48671e+06,335664
2295,2.48671e+06,3.242e+08
2297,604520,3.242e+08
2299,1.92794e+06,3.242e+08
2301,258786,3.242e+08
2303,307210,3.242e+08
2305,1.53606e+06,3.242e+08
2305,1.53606e+06,1.08602e+06
2305,1.53606e+06,1.07673e+06
2303,1.53606e+06,2.27193e+06
2305,1.60339e+06,2.27193e+06
2307,4.42796e+06,2.27193e+06
2307,4.42796e+06,2.46296e+06
2303,4.42796e+06,4.93119e+06
2305,2.6971e+06,4.93119e+06
2301,2.6971e+06,2.69417e+06
2301,2.6971e+06,354717
2303,6.25915e+06,354717
2296,6.25915e+06,3.57664e+06
2298,6.54348e+06,3.57664e+06
2298,6.54348e+06,791667
2295,6.54348e+06,4.71053e+06
2297,1.16424e+07,4.71053e+06
2299,882033,4.71053e+06
2301,2.60134e+06,4.71053e+06
2299,2.60134e+06,1.63822e+06
2301,5.64945e+06,1.63822e+06
2294,5.64945e+06,4.36863e+06
2296,6.19626e+06,4.36863e+06
2298,3.73377e+06,4.36863e+06
2298,3.73377e+06,75000
2294,3.73377e+06,2.4566e+06
2296,2.0992e+06,2.4566e+06
2298,1.24449e+06,2.4566e+06
2296,1.24449e+06,3.76536e+06
2298,6.06771e+06,3.76536e+06
2297,6.06771e+06,6.12676e+06
2296,6.06771e+06,4.06952e+06
2296,6.06771e+06,1.56296e+06
2298,3.05464e+06,1.56296e+06
2300,1.06799e+06,1.56296e+06
2302,29891.3,1.56296e+06
2302,29891.3,2.91971e+06
2304,913043,2.91971e+06
2306,129293,2.91971e+06
2302,129293,1.89461e+06
2302,129293,69869
2300,129293,1.05814e+06
2302,3.69663e+06,1.05814e+06
2302,3.69663e+06,9.28571e+06
2304,2.92483e+06,9.28571e+06
2304,2.92483e+06,300366
2306,250000,300366
2305,250000,684706
2303,250000,3.53714e+07
2305,1.14694e+06,3.53714e+07
2307,906040,3.53714e+07
2309,776243,3.53714e+07
2309,776243,2.49067e+06
2309,776243,1.81308e+06
2311,1.51571e+06,1.81308e+06
2313,531083,1.81308e+06
2313,531083,2.62667e+07
2315,1.06492e+06,2.62667e+07
2313,1.06492e+06,1.37517e+06
2315,1.70714e+06,1.37517e+06
2315,1.70714e+06,594488
2313,1.70714e+06,2.12428e+06
2315,2.1597e+07,2.12428e+06
2315,2.1597e+07,1.00339e+07
2317,692177,1.00339e+07
2314,692177,3.23364e+06
2316,5.12727e+06,3.23364e+06
2316,5.12727e+06,7.01587e+06
2316,5.12727e+06,2.89815e+06
2316,5.12727e+06,2.4382e+06
2318,1.68371e+06,2.4382e+06
2318,1.68371e+06,3.68304e+06
2317,1.68371e+06,1.04678e+06
2319,2.15891e+06,1.04678e+06
2321,2.23284e+06,1.04678e+06
2319,2.23284e+06,986226
2321,1.7688e+06,986226
2323,121762,986226
2325,621192,986226
2322,621192,2.00774e+06
2322,621192,1.73469e+06
2321,621192,2.57143e+06
2323,4.07034e+06,2.57143e+06
2322,4.07034e+06,4.40541e+06
2322,4.07034e+06,2.37576e+06
2324,4.01724e+06,2.37576e+06
2321,4.01724e+06,7.01961e+06
2323,1.01348e+06,7.01961e+06
2323,1.01348e+06,326347
2323,1.01348e+06,1.24252e+07
2325,4.75097e+06,1.24252e+07
2327,3.9638e+06,1.24252e+07
2329,1.85463e+06,1.24252e+07
2326,1.85463e+06,4.36307e+06
2328,4.88182e+07,4.36307e+06
2327,4.88182e+07,5.07821e+06
2327,4.88182e+07,1.05882e+06
2329,4.48225e+06,1.05882e+06
2329,4.48225e+06,304478
2325,4.48225e+06,1.87169e+06
2327,1.74447e+06,1.87169e+06
2329,3.79095e+06,1.87169e+06
2315,3.79095e+06,2.69945e+06
2317,3.03435e+06,2.69945e+06
2314,3.03435e+06,4.68902e+06
2316,1.28468e+07,4.68902e+06
2318,1.76349e+06,4.68902e+06
2320,2.71971e+06,4.68902e+06
2320,2.71971e+06,192500
2320,2.71971e+06,880556
2314,2.71971e+06,2.50952e+06
2316,214022,2.50952e+06
2318,2.08467e+06,2.50952e+06
2318,2.08467e+06,680203
2317,2.08467e+06,688337
2319,521823,688337
2321,4.63988e+06,688337
2317,4.63988e+06,1.1315e+06
2316,4.63988e+06,4.18045e+06
2315,4.63988e+06,9.06818e+06
2317,3.66929e+06,9.06818e+06
2319,1.88735e+06,9.06818e+06
2315,1.88735e+06,2.77093e+06
2317,7.88083e+06,2.77093e+06
2319,723596,2.77093e+06
2319,723596,277916
2319,723596,3.28161e+06
2321,586847,3.28161e+06
2321,586847,7.49007e+06
2323,1.21617e+06,7.49007e+06
2319,1.21617e+06,762036
2319,1.21617e+06,623077
2321,1.81776e+06,623077
2323,4.75301e+06,623077
2321,4.75301e+06,1.86486e+06
2321,4.75301e+06,1.20408e+06
2314,4.75301e+06,5.58235e+06
2316,2.72045e+07,5.58235e+06
2312,2.72045e+07,6.47568e+06
2311,2.72045e+07,1.2098e+07
2313,1.39581e+07,1.2098e+07
2313,1.39581e+07,1.36375e+08
2315,1.71154e+07,1.36375e+08
2313,1.71154e+07,5.42193e+06
2313,1.71154e+07,5.81557e+06
2315,1.4865e+07,5.81557e+06
2317,934272,5.81557e+06
2316,934272,1.32609e+06
2318,395939,1.32609e+06
2320,1.32898e+06,1.32609e+06
2322,875887,1.32609e+06
2322,875887,2.32787e+06
2322,875887,1.39713e+06
2321,875887,3.93204e+06
2323,2.37331e+06,3.93204e+06
2320,2.37331e+06,1.62488e+06
2322,7.94135e+06,1.62488e+06
2317,7.94135e+06,1.8652e+06
2319,3.44654e+06,1.8652e+06
2318,3.44654e+06,9.28369e+06
2318,3.44654e+06,2.53175e+06
2320,2.93066e+06,2.53175e+06
2322,580796,2.53175e+06
2324,1.21558e+06,2.53175e+06
2324,1.21558e+06,6.53977e+06
2326,1.47397e+06,6.53977e+06
2326,1.47397e+06,1.30357e+06
2328,2.08869e+06,1.30357e+06
2327,2.08869e+06,3.58029e+06
2327,2.08869e+06,139028
2327,2.08869e+06,2.28182e+07
2327,2.08869e+06,3.49714e+06
2329,755515,3.49714e+06
2331,1.63133e+06,3.49714e+06
2331,1.63133e+06,2.98864e+06
2333,444795,2.98864e+06
2329,444795,7.67049e+06
2331,1.84688e+08,7.67049e+06
2333,1.7384e+06,7.67049e+06
2323,1.7384e+06,1.16728e+06
2322,1.7384e+06,3.99219e+06
2324,3.21988e+06,3.99219e+06
2326,3.31696e+06,3.99219e+06
2321,3.31696e+06,3.11902e+06
2319,3.31696e+06,4.32967e+06
2321,6.10821e+06,4.32967e+06
2319,6.10821e+06,1.77395e+06
2321,1.34737e+06,1.77395e+06
2323,1.00973e+06,1.77395e+06
2322,1.00973e+06,1.89765e+06
2322,1.00973e+06,1.01154e+07
2324,1.92723e+06,1.01154e+07
2324,1.92723e+06,2.07595e+06
2326,3.96226e+06,2.07595e+06
2326,3.96226e+06,1.61781e+07
2326,3.96226e+06,617647
2328,886957,617647
2330,426295,617647
2329,426295,2.1537e+06
2331,1.22797e+06,2.1537e+06
2333,812779,2.1537e+06
2335,23188.4,2.1537e+06
2334,23188.4,1.73317e+06
2334,23188.4,1.29746e+06
2336,2.73423e+06,1.29746e+06
2338,3.85567e+06,1.29746e+06
2335,3.85567e+06,1.65473e+06
2335,3.85567e+06,1.76471e+06
2332,3.85567e+06,2.9438e+06
2331,3.85567e+06,2.70552e+06
2333,1.19716e+07,2.70552e+06
2335,2.22936e+06,2.70552e+06
2335,2.22936e+06,6.49375e+06
2332,2.22936e+06,884211
2334,2.89583e+06,884211
2329,2.89583e+06,2.80866e+06
2331,326733,2.80866e+06
2329,326733,1.17882e+06
2331,7.65409e+06,1.17882e+06
2329,7.65409e+06,5.21667e+06
2331,2.68966e+06,5.21667e+06
2333,619524,5.21667e+06
2331,619524,993661
2331,619524,1.26154e+07
2333,4.45128e+06,1.26154e+07
2324,4.45128e+06,1.4518e+06
2326,2.00185e+07,1.4518e+06
2324,2.00185e+07,696325
2322,2.00185e+07,3.03947e+06
2324,3.60753e+06,3.03947e+06
2326,1.17957e+06,3.03947e+06
2328,93750,3.03947e+06
2330,699164,3.03947e+06
2328,699164,2.48541e+06
2330,2.7774e+06,2.48541e+06
2332,1.57838e+06,2.48541e+06
2327,1.57838e+06,3.10853e+06
2329,2.28205e+07,3.10853e+06
2331,1.03526e+06,3.10853e+06
2331,1.03526e+06,4.82609e+06
2331,1.03526e+06,6.13235e+06
2333,3.06098e+06,6.13235e+06
2335,4.36461e+06,6.13235e+06
2334,4.36461e+06,6.375e+06
2336,3.27293e+06,6.375e+06
2331,3.27293e+06,1.69242e+06
2328,3.27293e+06,2.21134e+06
2330,1.95094e+06,2.21134e+06
2329,1.95094e+06,1.0036e+06
2331,800912,1.0036e+06
2333,4.30501e+06,1.0036e+06
2333,4.30501e+06,9.08163e+06
2335,2.06464e+06,9.08163e+06
2335,2.06464e+06,5.82249e+06
2335,2.06464e+06,342412
2337,1.54634e+06,342412
2332,1.54634e+06,6.15837e+06
2334,1.48189e+07,6.15837e+06
2334,1.48189e+07,4.58247e+06
2332,1.48189e+07,760776
2334,4.66942e+06,760776
2336,3.87667e+06,760776
2333,3.87667e+06,4.54839e+06
2335,1.79096e+06,4.54839e+06
2337,1.52355e+06,4.54839e+06
2337,1.52355e+06,4.11364e+07
2339,694268,4.11364e+07
2341,4.9875e+06,4.11364e+07
2343,3.54e+06,4.11364e+07
2341,3.54e+06,4.9821e+06
2343,1.27812e+07,4.9821e+06
2339,1.27812e+07,2.54556e+06
2341,4.88249e+06,2.54556e+06
2343,4.87859e+06,2.54556e+06
2340,4.87859e+06,3.11353e+06
2335,4.87859e+06,2.89881e+06
2337,4.70263e+07,2.89881e+06
2332,4.70263e+07,4.73026e+06
2327,4.70263e+07,2.40596e+06
2329,6.98588e+06,2.40596e+06
2322,6.98588e+06,3.19499e+06
2324,9.86207e+06,3.19499e+06
2326,183306,3.19499e+06
2326,183306,2.58442e+06
2326,183306,5.78261e+06
2326,183306,5.56944e+06
2328,665800,5.56944e+06
2330,6.11724e+06,5.56944e+06
2328,6.11724e+06,3.36096e+06
2330,1.09437e+06,3.36096e+06
2332,1.53105e+06,3.36096e+06
2324,1.53105e+06,2.80349e+06
2326,1.30464e+07,2.80349e+06
2326,1.30464e+07,1.92886e+06
2328,2.9196e+06,1.92886e+06
2327,2.9196e+06,954301
2329,3.29245e+06,954301
2329,3.29245e+06,6.45304e+06
2327,3.29245e+06,2.15285e+06
2327,3.29245e+06,238636
2329,3.575e+06,238636
2329,3.575e+06,2e+06
2327,3.575e+06,2.862e+06
2329,6.78125e+07,2.862e+06
2329,6.78125e+07,183908
2329,6.78125e+07,2.47904e+06
2327,6.78125e+07,1.52689e+06
2329,7.94275e+06,1.52689e+06
2327,7.94275e+06,7.16258e+06
2329,620637,7.16258e+06
2331,260821,7.16258e+06
2331,260821,8.24204e+06
2333,931224,8.24204e+06
2335,1.80962e+06,8.24204e+06
2329,1.80962e+06,870085
2327,1.80962e+06,2.48369e+06
2329,1.42889e+07,2.48369e+06
2331,662813,2.48369e+06
2327,662813,1.2565e+06
2329,2.57721e+06,1.2565e+06
2329,2.57721e+06,2.67826e+07
2331,584127,2.67826e+07
2331,584127,742597
2333,2.15691e+06,742597
2335,1.8117e+06,742597
2335,1.8117e+06,2.95719e+06
2335,1.8117e+06,1.85714e+06
2337,956422,1.85714e+06
2339,2.32824e+06,1.85714e+06
2341,939341,1.85714e+06
2331,939341,2.58715e+06
2333,1.62563e+07,2.58715e+06
2335,73922,2.58715e+06
2337,368687,2.58715e+06
2339,430000,2.58715e+06
2337,430000,3.04431e+06
2339,3.03333e+06,3.04431e+06
2341,124365,3.04431e+06
2343,2.37988e+06,3.04431e+06
2343,2.37988e+06,7.90654e+06
2338,2.37988e+06,1.60343e+06
2340,1.29637e+06,1.60343e+06
2342,1.84708e+06,1.60343e+06
2342,1.84708e+06,645796
2344,104828,645796
2342,104828,3.16252e+06
2344,1.86517e+06,3.16252e+06
2346,201900,3.16252e+06
2348,925373,3.16252e+06
2345,925373,8.56446e+06
2347,6.80328e+06,8.56446e+06
2347,6.80328e+06,364583
2349,2.49153e+06,364583
2351,129825,364583
2349,129825,4.01818e+07
2351,5.90909e+06,4.01818e+07
2353,490040,4.01818e+07
2353,490040,9.94937e+06
2355,4.20284e+06,9.94937e+06
2355,4.20284e+06,1.66778e+06
2352,4.20284e+06,1.66667e+06
2354,1.23596e+06,1.66667e+06
2349,1.23596e+06,874770
2351,4.65544e+06,874770
2347,4.65544e+06,976720
2349,4.90351e+06,976720
2347,4.90351e+06,7.71958e+06
2347,4.90351e+06,1.80374e+06
2349,2.10787e+06,1.80374e+06
2348,2.10787e+06,7.81043e+06
2347,2.10787e+06,1.15718e+06
2349,3.51351e+06,1.15718e+06
2351,1.74623e+06,1.15718e+06
2351,1.74623e+06,5.375e+06
2343,1.74623e+06,2.1157e+06
2345,3.32857e+07,2.1157e+06
2347,1.91042e+07,2.1157e+06
2347,1.91042e+07,6.30882e+06
2343,1.91042e+07,1.77302e+06
2345,137736,1.77302e+06
2345,137736,2.2587e+07
2347,3.69077e+06,2.2587e+07
2347,3.69077e+06,3.83529e+07
2347,3.69077e+06,1.01684e+06
2349,1.02054e+06,1.01684e+06
2349,1.02054e+06,1.7e+07
2349,1.02054e+06,1.09709e+06
2349,1.02054e+06,177083
2351,2.48339e+06,177083
2350,2.48339e+06,3.14103e+07
2350,2.48339e+06,882022
2346,2.48339e+06,1.36456e+06
2348,2.53289e+06,1.36456e+06
2350,2.17992e+06,1.36456e+06
2350,2.17992e+06,1.69159e+06
2350,2.17992e+06,5.76667e+07
2350,2.17992e+06,740458
2352,1.06308e+06,740458
2354,5.2852e+06,740458
2354,5.2852e+06,2.13122e+06
2351,5.2852e+06,1.2931e+06
2348,5.2852e+06,3.07761e+06
2348,5.2852e+06,1.22222e+06
2350,4.60976e+06,1.22222e+06
2352,262911,1.22222e+06
2352,262911,5.89222e+06
2354,2.97522e+06,5.89222e+06
2353,2.97522e+06,2.61215e+06
2355,2.81176e+06,2.61215e+06
2355,2.81176e+06,2.75477e+06
2357,1.71646e+06,2.75477e+06
2357,1.71646e+06,1.83163e+06
2359,1.1487e+06,1.83163e+06
2358,1.1487e+06,2.03801e+06
2354,1.1487e+06,3.14009e+06
2356,1.84565e+07,3.14009e+06
2355,1.84565e+07,4.99448e+06
2355,1.84565e+07,138889
2355,1.84565e+07,731959
2355,1.84565e+07,8.29167e+06
2357,2e+06,8.29167e+06
2357,2e+06,850254
2353,2e+06,1.48148e+06
2355,7.56233e+06,1.48148e+06
2354,7.56233e+06,1.20102e+07
2356,4.42128e+06,1.20102e+07
2354,4.42128e+06,1.84101e+06
2356,609929,1.84101e+06
2353,609929,1.68599e+06
2355,1.14966e+07,1.68599e+06
2357,1.22222e+06,1.68599e+06
2356,1.22222e+06,3.29762e+06
2354,1.22222e+06,3.07432e+06
2356,8.37383e+06,3.07432e+06
2357,7.95849e+06,3.07432e+06
2356,7.95849e+06,3.54369e+06
2358,906195,3.54369e+06
2357,906195,9.57724e+06
2359,5.98969e+06,9.57724e+06
2356,5.98969e+06,5.87826e+06
2358,4.28431e+06,5.87826e+06
2360,928736,5.87826e+06
2352,928736,2.81148e+06
2354,4.31472e+06,2.81148e+06
2356,556982,2.81148e+06
2356,556982,1.6044e+07
2358,3.75e+06,1.6044e+07
2360,811966,1.6044e+07
2362,2.52518e+06,1.6044e+07
2362,2.52518e+06,1.07865e+06
2362,2.52518e+06,2.96604e+06
2362,2.52518e+06,42735
2362,2.52518e+06,1.47892e+06
2364,2.13184e+06,1.47892e+06
2358,2.13184e+06,2.16726e+06
2360,4.27872e+06,2.16726e+06
2360,4.27872e+06,2.07231e+07
2360,4.27872e+06,1.42222e+06
2359,4.27872e+06,5.85326e+06
2361,4.56629e+06,5.85326e+06
2363,12959,5.85326e+06
2359,12959,3.66222e+06
2359,12959,1.0974e+06
2361,1.74318e+06,1.0974e+06
2357,1.74318e+06,1.83912e+06
2359,1.72282e+07,1.83912e+06
2359,1.72282e+07,3.53927e+06
2357,1.72282e+07,9.34146e+06
2359,4.98947e+07,9.34146e+06
2361,2.18502e+06,9.34146e+06
2360,2.18502e+06,2.46067e+06
2353,2.18502e+06,2.28537e+06
2355,1.91676e+07,2.28537e+06
2352,1.91676e+07,3.32e+06
2354,1.77255e+06,3.32e+06
2349,1.77255e+06,2.79171e+06
2351,2.11754e+07,2.79171e+06
2347,2.11754e+07,2.22057e+06
2349,7.56443e+06,2.22057e+06
2341,7.56443e+06,3.07189e+06
2343,4.68493e+06,3.07189e+06
2345,62968.5,3.07189e+06
2344,62968.5,2.06075e+07
2346,1.30214e+07,2.06075e+07
2340,1.30214e+07,3.43014e+06
2338,1.30214e+07,3.02559e+06
2340,9.7735e+06,3.02559e+06
2340,9.7735e+06,495050
2339,9.7735e+06,1.57786e+06
2341,1.64631e+06,1.57786e+06
2341,1.64631e+06,1.3125e+06
2343,898324,1.3125e+06
2345,883333,1.3125e+06
2347,1.09601e+06,1.3125e+06
2345,1.09601e+06,2.16598e+06
2345,1.09601e+06,2.42035e+06
2347,1.20082e+06,2.42035e+06
2349,1.91435e+06,2.42035e+06
2351,743687,2.42035e+06
2347,743687,1.54562e+06
2349,4.90217e+06,1.54562e+06
2349,4.90217e+06,555160
2351,1.76852e+06,555160
2350,1.76852e+06,1.38983e+06
2341,1.76852e+06,1.9362e+06
2343,2.05263e+06,1.9362e+06
2343,2.05263e+06,2.91379e+06
2345,3.90773e+06,2.91379e+06
2344,3.90773e+06,1.67864e+06
2346,3.14095e+06,1.67864e+06
2345,3.14095e+06,5.56303e+06
2347,1.44231e+06,5.56303e+06
2345,1.44231e+06,2.17692e+06
2347,3.90355e+06,2.17692e+06
2340,3.90355e+06,2.51918e+06
2342,5.07772e+06,2.51918e+06
2342,5.07772e+06,1.02899e+06
2342,5.07772e+06,3.07805e+06
2344,890710,3.07805e+06
2336,890710,1.33776e+06
2338,1.15611e+07,1.33776e+06
2332,1.15611e+07,1.04672e+06
2327,1.15611e+07,1.16396e+06
2329,7.20879e+06,1.16396e+06
2329,7.20879e+06,4.69888e+06
2331,557203,4.69888e+06
2328,557203,3.80971e+06
2330,2.69579e+07,3.80971e+06
2329,2.69579e+07,3.24924e+06
2331,646259,3.24924e+06
2333,1.69549e+06,3.24924e+06
2333,1.69549e+06,1.04293e+07
2335,83969.5,1.04293e+07
2337,2.04045e+06,1.04293e+07
2339,1.31424e+06,1.04293e+07
2337,1.31424e+06,4.04545e+06
2339,2.38498e+06,4.04545e+06
2341,1.5154e+06,4.04545e+06
2339,1.5154e+06,2.16457e+07
2341,2.53299e+06,2.16457e+07
2343,2.92699e+06,2.16457e+07
2345,634945,2.16457e+07
2340,634945,3.32466e+06
2342,6.56436e+06,3.32466e+06
2342,6.56436e+06,1.82432e+06
2344,1.03361e+06,1.82432e+06
2344,1.03361e+06,864516
2346,147929,864516
2345,147929,583456
2347,49661.4,583456
2349,895652,583456
2349,895652,1.22195e+07
2351,4.13704e+06,1.22195e+07
2347,4.13704e+06,2.15287e+06
2349,550360,2.15287e+06
2347,550360,4.54313e+06
2349,2.79508e+06,4.54313e+06
2351,1.4266e+06,4.54313e+06
2351,1.4266e+06,641304
2347,1.4266e+06,2.96691e+06
2349,2.42692e+07,2.96691e+06
2349,2.42692e+07,1.13974e+06
2349,2.42692e+07,1.24474e+07
2351,818705,1.24474e+07
2350,818705,1.18019e+06
2347,818705,2.83223e+06
2349,5.28889e+07,2.83223e+06
2351,4.70573e+06,2.83223e+06
2353,1.42473e+06,2.83223e+06
2352,1.42473e+06,1.95328e+07
2350,1.42473e+06,756410
2352,1.92593e+06,756410
2354,3.06981e+06,756410
2349,3.06981e+06,4.45579e+06
2349,3.06981e+06,1.95928e+06
2351,1.95879e+07,1.95928e+06
2348,1.95879e+07,3.90116e+06
2350,2.65902e+07,3.90116e+06
2352,2.46757e+06,3.90116e+06
2354,242798,3.90116e+06
2353,242798,1.00699e+07
2351,242798,793144
2353,482143,793144
2353,482143,5.04545e+06
2355,1.4357e+06,5.04545e+06
2357,4.87939e+06,5.04545e+06
2347,4.87939e+06,1.96169e+06
2347,4.87939e+06,308594
2345,4.87939e+06,2.71588e+06
2347,2.26724e+06,2.71588e+06
2347,2.26724e+06,461538
2347,2.26724e+06,463415
2349,620779,463415
2347,620779,1.34028e+06
2347,620779,1.12832e+06
2349,3.20403e+06,1.12832e+06
2349,3.20403e+06,146444
2351,2.01887e+06,146444
2349,2.01887e+06,1.42035e+06
2351,1.86984e+06,1.42035e+06
2351,1.86984e+06,1.82e+07
2351,1.86984e+06,5.15909e+06
2353,298193,5.15909e+06
2353,298193,248980
2355,2.35123e+06,248980
2350,2.35123e+06,2.71388e+06
2352,1.69697e+06,2.71388e+06
2354,3.69822e+06,2.71388e+06
2351,3.69822e+06,2.92605e+06
2353,147388,2.92605e+06
2350,147388,2.90339e+06
2352,3.59554e+06,2.90339e+06
2350,3.59554e+06,2.27833e+07
2352,5.84758e+06,2.27833e+07
2347,5.84758e+06,1.90641e+06
2349,2.77707e+06,1.90641e+06
2351,2.07604e+06,1.90641e+06
2353,546835,1.90641e+06
2355,527237,1.90641e+06
2357,357983,1.90641e+06
2357,357983,5.24658e+06
2359,4.69171e+06,5.24658e+06
2357,4.69171e+06,9.39444e+07
2354,4.69171e+06,1.17186e+07
2356,9.6303e+06,1.17186e+07
2358,883978,1.17186e+07
2360,744993,1.17186e+07
2362,2.85231e+06,1.17186e+07
2362,2.85231e+06,902439
2362,2.85231e+06,725888
2364,161572,725888
2366,471204,725888
2361,471204,1.77928e+06
2359,471204,1.27299e+06
2359,471204,2.50588e+07
2361,2.32849e+06,2.50588e+07
2363,1.43263e+06,2.50588e+07
2365,545838,2.50588e+07
2363,545838,3.62827e+06
2365,4.93538e+06,3.62827e+06
2365,4.93538e+06,5.30882e+06
2367,1.54054e+06,5.30882e+06
2358,1.54054e+06,2.09881e+06
2360,7.6859e+06,2.09881e+06
2362,963636,2.09881e+06
2359,963636,7.61658e+06
2361,7.12353e+07,7.61658e+06
2360,7.12353e+07,3.98537e+06
2362,6.34672e+06,3.98537e+06
2364,906743,3.98537e+06
2364,906743,7.66667e+07
2363,906743,1.57663e+06
2365,1.94678e+06,1.57663e+06
2367,1.01377e+06,1.57663e+06
2369,541953,1.57663e+06
2371,615509,1.57663e+06
2371,615509,1.87565e+06
2367,615509,856859
2367,615509,2.3125e+07
2369,4.07865e+06,2.3125e+07
2371,2.60745e+06,2.3125e+07
2371,2.60745e+06,390342
2371,2.60745e+06,1.53039e+06
2371,2.60745e+06,3.85909e+07
2373,1.43314e+06,3.85909e+07
2375,574225,3.85909e+07
2377,1.65016e+06,3.85909e+07
2377,1.65016e+06,4.91064e+06
2377,1.65016e+06,451456
2377,1.65016e+06,1.78125e+06
2379,1.34539e+06,1.78125e+06
2376,1.34539e+06,2.09756e+06
2376,1.34539e+06,174312
2376,1.34539e+06,1.2931e+06
2378,2.13942e+06,1.2931e+06
2380,1.90979e+06,1.2931e+06
2376,1.90979e+06,1.97619e+06
2378,2.66372e+06,1.97619e+06
2380,651327,1.97619e+06
2374,651327,2.3568e+06
2374,651327,4.36667e+07
2376,1.33684e+07,4.36667e+07
2378,4.67027e+06,4.36667e+07
2378,4.67027e+06,390335
2378,4.67027e+06,4.24157e+06
2380,4.11957e+06,4.24157e+06
2378,4.11957e+06,2.89631e+06
2380,3.91525e+06,2.89631e+06
2380,3.91525e+06,934307
2380,3.91525e+06,2.17526e+06
2379,3.91525e+06,5.8547e+06
2381,7.05825e+06,5.8547e+06
2381,7.05825e+06,357968
2383,1.39226e+06,357968
2385,3.48315e+06,357968
2382,3.48315e+06,1.27273e+06
2384,1.82031e+06,1.27273e+06
2382,1.82031e+06,6.30714e+06
2381,1.82031e+06,7.89844e+06
2383,1.74265e+07,7.89844e+06
2383,1.74265e+07,1.25106e+06
2383,1.74265e+07,2.39785e+06
2385,1.80628e+06,2.39785e+06
2387,502910,2.39785e+06
2385,502910,791667
2384,502910,2.32941e+06
2386,574359,2.32941e+06
2388,4.41194e+06,2.32941e+06
2386,4.41194e+06,1.05397e+06
2386,4.41194e+06,1.62058e+06
2386,4.41194e+06,194570
2386,4.41194e+06,5.81481e+06
2388,103933,5.81481e+06
2387,103933,1.37023e+06
2389,9.17672e+06,1.37023e+06
2388,9.17672e+06,5.81379e+07
2390,1.18519e+06,5.81379e+07
2389,1.18519e+06,959559
2391,1.6594e+06,959559
2393,1.05808e+06,959559
2393,1.05808e+06,1.62317e+07
2395,2.99094e+06,1.62317e+07
2397,203496,1.62317e+07
2399,1.84874e+06,1.62317e+07
2398,1.84874e+06,942688
2391,1.84874e+06,1.47163e+06
2393,1.75829e+07,1.47163e+06
2392,1.75829e+07,1.81389e+07
2387,1.75829e+07,1.33671e+06
2389,1e+07,1.33671e+06
2387,1e+07,6.8722e+06
2389,5.28108e+06,6.8722e+06
2385,5.28108e+06,4.37621e+06
2387,2.7419e+07,4.37621e+06
2389,540404,4.37621e+06
2384,540404,2.58174e+06
2386,4.66988e+06,2.58174e+06
2386,4.66988e+06,4.06842e+07
2388,1.70089e+06,4.06842e+07
2388,1.70089e+06,6.25333e+06
2387,1.70089e+06,2.02568e+07
2389,3.99572e+06,2.02568e+07
2391,1.85607e+06,2.02568e+07
2390,1.85607e+06,2.98472e+06
2389,1.85607e+06,4.63281e+06
2391,4.07797e+06,4.63281e+06
2393,5.0892e+06,4.63281e+06
2384,5.0892e+06,2.21779e+06
2386,1.68739e+07,2.21779e+06
2386,1.68739e+07,6.21186e+06
2386,1.68739e+07,3.36585e+06
2388,2.23445e+06,3.36585e+06
2383,2.23445e+06,1.20266e+06
2382,2.23445e+06,3.16598e+06
2384,1.39407e+06,3.16598e+06
2386,2.34483e+06,3.16598e+06
2385,2.34483e+06,1.59821e+06
2387,1.8729e+06,1.59821e+06
2389,755340,1.59821e+06
2389,755340,65217.4
2389,755340,103704
2389,755340,2.55042e+06
2391,856941,2.55042e+06
2389,856941,4.64948e+06
2391,1.13575e+06,4.64948e+06
2393,1.03993e+06,4.64948e+06
2393,1.03993e+06,378723
2395,552846,378723
2391,552846,737949
2393,6.5e+06,737949
2387,6.5e+06,2.20925e+06
2385,6.5e+06,759371
2387,2.90643e+06,759371
2385,2.90643e+06,8.30451e+06
2387,660532,8.30451e+06
2389,1.80635e+06,8.30451e+06
2385,1.80635e+06,2.73855e+06
2385,1.80635e+06,1.04861e+06
2387,5.22826e+06,1.04861e+06
2378,5.22826e+06,1.83859e+06
2378,5.22826e+06,3.23383e+06
2380,3.39e+06,3.23383e+06
2382,779570,3.23383e+06
2384,605797,3.23383e+06
2384,605797,123711
2384,605797,1.83726e+06
2386,2.05875e+06,1.83726e+06
2386,2.05875e+06,3.01702e+06
2385,2.05875e+06,1.33463e+06
2382,2.05875e+06,2.78678e+06
2384,3.38923e+06,2.78678e+06
2384,3.38923e+06,510373
2384,3.38923e+06,1.0924e+06
2380,3.38923e+06,731092
2382,1.36909e+07,731092
2381,1.36909e+07,6.84974e+06
2383,1.14639e+06,6.84974e+06
2385,4.43609e+06,6.84974e+06
2379,4.43609e+06,1.38872e+06
2381,665236,1.38872e+06
2383,747326,1.38872e+06
2385,559801,1.38872e+06
2385,559801,836007
2385,559801,1.21148e+06
2385,559801,1.58158e+07
2383,559801,1.97093e+06
2385,640599,1.97093e+06
2387,1.3312e+06,1.97093e+06
2387,1.3312e+06,205656
2389,2.7e+06,205656
2380,2.7e+06,1.27035e+06
2382,9.9359e+06,1.27035e+06
2382,9.9359e+06,8.02717e+06
2384,2.2844e+06,8.02717e+06
2384,2.2844e+06,4.64444e+06
2384,2.2844e+06,2.23784e+07
2386,672897,2.23784e+07
2388,4.37691e+06,2.23784e+07
2388,4.37691e+06,1.82353e+06
2388,4.37691e+06,2.54673e+06
2382,4.37691e+06,997466
2384,4.50167e+06,997466
2384,4.50167e+06,2.22454e+06
2384,4.50167e+06,1.06333e+08
2386,458733,1.06333e+08
2388,2.95381e+06,1.06333e+08
2388,2.95381e+06,260073
2386,2.95381e+06,4.09772e+06
2388,8.72894e+06,4.09772e+06
2390,373880,4.09772e+06
2392,1.09462e+06,4.09772e+06
2389,1.09462e+06,2.28342e+06
2388,1.09462e+06,1.29895e+06
2390,3.34173e+06,1.29895e+06
2390,3.34173e+06,3.27935e+06
2390,3.34173e+06,2.3371e+06
2392,3.29319e+06,2.3371e+06
2392,3.29319e+06,1.55196e+06
2392,3.29319e+06,1.26415e+06
2394,236010,1.26415e+06
2393,236010,1.83958e+06
2393,236010,144654
2395,8.65401e+06,144654
2397,490385,144654
2393,490385,3.37079e+06
2393,490385,2.07233e+06
2395,6.44218e+06,2.07233e+06
2397,705455,2.07233e+06
2397,705455,7.69643e+06
2399,3.22635e+06,7.69643e+06
2396,3.22635e+06,3.17073e+06
2398,3.04065e+06,3.17073e+06
2395,3.04065e+06,4.96386e+06
2397,1.97104e+06,4.96386e+06
2399,565407,4.96386e+06
2398,565407,1.98141e+06
2400,5.756e+06,1.98141e+06
2398,5.756e+06,2.38544e+06
2398,5.756e+06,937500
2400,2.73455e+06,937500
2400,2.73455e+06,4.36638e+06
2402,4.26205e+06,4.36638e+06
2402,4.26205e+06,2.11905e+06
2404,550432,2.11905e+06
2400,550432,2.343e+06
2399,550432,2.89571e+06
2401,230769,2.89571e+06
2401,230769,307190
2403,3.73457e+06,307190
2402,3.73457e+06,7.01235e+06
2404,953890,7.01235e+06
2406,113801,7.01235e+06
2402,113801,1.06743e+06
2404,5.16284e+06,1.06743e+06
2406,715686,1.06743e+06
2401,715686,2.5883e+06
2403,2.22156e+06,2.5883e+06
2405,3.3159e+06,2.5883e+06
2402,3.3159e+06,2.62565e+06
2404,2.22532e+06,2.62565e+06
2404,2.22532e+06,2.58796e+06
2406,431797,2.58796e+06
2408,716446,2.58796e+06
2410,2.61707e+06,2.58796e+06
2404,2.61707e+06,1.27714e+06
2404,2.61707e+06,91286.3
2401,2.61707e+06,2.27586e+06
2401,2.61707e+06,5.66304e+06
2403,1.73278e+06,5.66304e+06
2402,1.73278e+06,1.53369e+06
2404,4.86892e+06,1.53369e+06
2403,4.86892e+06,1.08067e+06
2402,4.86892e+06,4.90698e+06
2404,3.46364e+06,4.90698e+06
2401,3.46364e+06,7.45973e+06
2403,2.17688e+06,7.45973e+06
2402,2.17688e+06,3.26596e+06
2404,363208,3.26596e+06
2401,363208,2.22535e+06
2403,1.35222e+06,2.22535e+06
2403,1.35222e+06,1.02778e+06
2405,1.62308e+06,1.02778e+06
2403,1.62308e+06,1.14215e+07
2403,1.62308e+06,5.04167e+06
2405,3.91423e+06,5.04167e+06
2407,972308,5.04167e+06
2401,972308,2.47307e+06
2403,4.40686e+06,2.47307e+06
2405,1.04678e+06,2.47307e+06
2404,1.04678e+06,4.84259e+06
2406,4.7963e+06,4.84259e+06
2408,721545,4.84259e+06
2410,2.04894e+06,4.84259e+06
2408,2.04894e+06,1.52803e+06
2397,2.04894e+06,1.51647e+06
2399,1.44495e+06,1.51647e+06
2401,7.67073e+06,1.51647e+06
2401,7.67073e+06,2.91089e+06
2403,1.25826e+06,2.91089e+06
2399,1.25826e+06,3.26942e+06
2401,721591,3.26942e+06
2401,721591,2.06711e+06
2403,2.52087e+06,2.06711e+06
2405,797992,2.06711e+06
2407,4.1412e+06,2.06711e+06
2397,4.1412e+06,2.95129e+06
2399,5.7686e+06,2.95129e+06
2401,6.04412e+06,2.95129e+06
2403,809524,2.95129e+06
2403,809524,1.86187e+06
2403,809524,2.26966e+06
2405,1.06545e+06,2.26966e+06
2405,1.06545e+06,1.89691e+06
2407,1.32e+06,1.89691e+06
2409,1.98964e+06,1.89691e+06
2404,1.98964e+06,3.33028e+06
2406,8.53247e+06,3.33028e+06
2408,1.42786e+06,3.33028e+06
2410,265849,3.33028e+06
2405,265849,1.18369e+06
2407,2.11094e+07,1.18369e+06
2407,2.11094e+07,1.39623e+06
2409,2.83333e+06,1.39623e+06
2409,2.83333e+06,1.35625e+07
2411,2.4224e+06,1.35625e+07
2411,2.4224e+06,1.36749e+06
2413,1.18841e+06,1.36749e+06
2413,1.18841e+06,1.82958e+06
2413,1.18841e+06,4.75241e+06
2415,1.16289e+06,4.75241e+06
2417,681759,4.75241e+06
2414,681759,1.74591e+06
2416,3.18863e+06,1.74591e+06
2414,3.18863e+06,587379
2414,3.18863e+06,2.30354e+06
2416,1.81687e+06,2.30354e+06
2411,1.81687e+06,3.38462e+06
2413,1.03452e+07,3.38462e+06
2409,1.03452e+07,1.01079e+06
2411,1.49708e+06,1.01079e+06
2408,1.49708e+06,2.00935e+06
2410,2.83636e+06,2.00935e+06
2412,859477,2.00935e+06
2409,859477,1.34667e+06
2411,1.23222e+06,1.34667e+06
2413,317380,1.34667e+06
2415,1.06585e+06,1.34667e+06
2413,1.06585e+06,866667
2415,455516,866667
2410,455516,1.37681e+06
2412,2e+06,1.37681e+06
2412,2e+06,5.86891e+06
2414,4.76435e+06,5.86891e+06
2404,4.76435e+06,1.74895e+06
2406,8.63813e+06,1.74895e+06
2406,8.63813e+06,2.29108e+06
2408,1.39197e+06,2.29108e+06
2407,1.39197e+06,1.43187e+07
2409,78034.7,1.43187e+07
2411,1.79449e+06,1.43187e+07
2413,342784,1.43187e+07
2415,358011,1.43187e+07
2414,358011,7.59701e+06
2409,358011,3.99124e+06
2411,7.62791e+06,3.99124e+06
2413,353041,3.99124e+06
2406,353041,937147
2408,7.0129e+07,937147
2408,7.0129e+07,519201
2407,7.0129e+07,805594
2409,3.67587e+06,805594
2405,3.67587e+06,1.79065e+06
2407,3.62625e+06,1.79065e+06
2403,3.62625e+06,4.69498e+06
2405,1.31771e+06,4.69498e+06
2407,355932,4.69498e+06
2406,355932,1.2199e+06
2408,4.97076e+06,1.2199e+06
2405,4.97076e+06,3.63699e+06
2407,1.10884e+07,3.63699e+06
2407,1.10884e+07,100000
2403,1.10884e+07,3.07362e+06
2405,2.9071e+06,3.07362e+06
2407,979907,3.07362e+06
2406,979907,1.14532e+06
2406,979907,242718
2408,2.5559e+06,242718
2410,345643,242718
2409,345643,998288
2411,688000,998288
2413,1.17697e+06,998288
2415,90909.1,998288
2415,90909.1,573013
2417,532258,573013
2415,532258,2.72041e+06
2417,4.74444e+06,2.72041e+06
2414,4.74444e+06,3.34483e+06
2416,3.65424e+07,3.34483e+06
2410,3.65424e+07,3.28448e+06
2412,2.75781e+06,3.28448e+06
2414,6.89116e+06,3.28448e+06
2414,6.89116e+06,183206
2409,6.89116e+06,1.25702e+06
2411,1.54043e+07,1.25702e+06
2410,1.54043e+07,8.51456e+06
2412,5.05517e+06,8.51456e+06
2412,5.05517e+06,5.425e+07
2414,926350,5.425e+07
2416,2.60612e+06,5.425e+07
2416,2.60612e+06,2.13924e+06
2418,344459,2.13924e+06
2420,560299,2.13924e+06
2417,560299,749714
2417,560299,5.88e+06
2415,560299,8.61143e+06
2417,6.375e+07,8.61143e+06
2417,6.375e+07,480469
2414,6.375e+07,928496
2416,1.35642e+06,928496
2418,2.53448e+06,928496
2412,2.53448e+06,778488
2414,806075,778488
2416,1.82603e+06,778488
2416,1.82603e+06,2.437e+06
2415,1.82603e+06,2.56621e+06
2417,77647.1,2.56621e+06
2417,77647.1,2.40502e+06
2417,77647.1,3.16117e+06
2419,3.27943e+06,3.16117e+06
2416,3.27943e+06,3.25378e+06
2418,1.21033e+06,3.25378e+06
2417,1.21033e+06,2.57643e+06
2419,2.84055e+06,2.57643e+06
2419,2.84055e+06,769759
2415,2.84055e+06,5.6e+06
2417,3.16429e+07,5.6e+06
2419,2.73307e+06,5.6e+06
2405,2.73307e+06,1.75036e+06
2407,1.67435e+07,1.75036e+06
2405,1.67435e+07,2.05784e+06
2398,1.67435e+07,1.2067e+06
2400,6.27612e+06,1.2067e+06
2402,283439,1.2067e+06
2404,346734,1.2067e+06
2406,3.04126e+06,1.2067e+06
2405,3.04126e+06,4.84583e+06
2407,417544,4.84583e+06
2409,2.46043e+06,4.84583e+06
2409,2.46043e+06,468543
2411,1.8467e+06,468543
2411,1.8467e+06,4.83854e+06
2411,1.8467e+06,6.33333e+06
2410,1.8467e+06,674974
2412,1.69509e+06,674974
2412,1.69509e+06,1.44954e+06
2414,1.03892e+06,1.44954e+06
2411,1.03892e+06,1.29592e+06
2411,1.03892e+06,878788
2413,9.8254e+06,878788
2413,9.8254e+06,249659
2413,9.8254e+06,492481
2412,9.8254e+06,6.0361e+06
2412,9.8254e+06,506958
2414,1.91051e+06,506958
2416,1.02962e+06,506958
2418,204473,506958
2420,1.26836e+06,506958
2417,1.26836e+06,4.80632e+06
2417,1.26836e+06,3.3125e+07
2419,887306,3.3125e+07
2421,275953,3.3125e+07
2421,275953,3.48855e+06
2423,2.99175e+06,3.48855e+06
2421,2.99175e+06,1.06758e+06
2421,2.99175e+06,3.92308e+06
2421,2.99175e+06,3.77083e+06
2423,1.79444e+07,3.77083e+06
2423,1.79444e+07,3.564e+07
2425,3.66857e+06,3.564e+07
2425,3.66857e+06,2.73604e+06
2424,3.66857e+06,2.85691e+06
2426,2.34962e+06,2.85691e+06
2428,1.35548e+06,2.85691e+06
2422,1.35548e+06,1.3507e+06
2424,3.48993e+06,1.3507e+06
2426,4.79882e+06,1.3507e+06
2420,4.79882e+06,5.50534e+06
2422,1.64553e+07,5.50534e+06
2421,1.64553e+07,873885
2417,1.64553e+07,2.2955e+06
2419,2.51004e+06,2.2955e+06
2418,2.51004e+06,779693
2420,5.18345e+06,779693
2417,5.18345e+06,697274
2419,1.03371e+07,697274
2417,1.03371e+07,4.05847e+06
2419,3.61063e+06,4.05847e+06
2418,3.61063e+06,1.31118e+06
2420,533825,1.31118e+06
2422,2.12517e+06,1.31118e+06
2417,2.12517e+06,5.61364e+06
2417,2.12517e+06,1.85714e+06
2419,2.39661e+06,1.85714e+06
2418,2.39661e+06,2.44286e+07
2420,6.31224e+07,2.44286e+07
2420,6.31224e+07,2.22477e+06
2420,6.31224e+07,3.47685e+06
2419,6.31224e+07,871452
2421,1.68945e+06,871452
2419,1.68945e+06,3.41404e+06
2421,6.22222e+06,3.41404e+06
2423,1.89433e+06,3.41404e+06
2419,1.89433e+06,2.6044e+06
2421,6.13213e+06,2.6044e+06
2413,6.13213e+06,2.52358e+06
2409,6.13213e+06,1.39752e+06
2411,1.5287e+06,1.39752e+06
2413,3.38626e+06,1.39752e+06
2410,3.38626e+06,1.22553e+06
2410,3.38626e+06,6.88571e+06
2409,3.38626e+06,1.36504e+06
2411,3.82147e+06,1.36504e+06
2411,3.82147e+06,3.0625e+07
2411,3.82147e+06,51502.1
2410,3.82147e+06,2.49087e+06
2412,471154,2.49087e+06
2414,653959,2.49087e+06
2414,653959,2.96633e+06
2416,1.79808e+06,2.96633e+06
2416,1.79808e+06,971831
2418,2.07024e+06,971831
2418,2.07024e+06,487013
2414,2.07024e+06,3.03373e+06
2416,7.59719e+06,3.03373e+06
2415,7.59719e+06,6.67514e+06
2414,7.59719e+06,940120
2416,2.34691e+06,940120
2416,2.34691e+06,697674
2416,2.34691e+06,791209
2416,2.34691e+06,376812
2416,2.34691e+06,4.58209e+06
2418,384615,4.58209e+06
2420,282051,4.58209e+06
2422,3.23196e+06,4.58209e+06
2420,3.23196e+06,3.9162e+06
2422,6.16667e+06,3.9162e+06
2414,6.16667e+06,2.11903e+06
2416,2.22959e+06,2.11903e+06
2415,2.22959e+06,2.69048e+07
2417,4.66368e+06,2.69048e+07
2409,4.66368e+06,2.26332e+06
2411,9.80844e+06,2.26332e+06
2413,772201,2.26332e+06
2411,772201,2.08262e+06
2408,772201,2.69565e+06
2410,1.03343e+06,2.69565e+06
2412,2.64811e+06,2.69565e+06
2411,2.64811e+06,1.03822e+06
2406,2.64811e+06,1.18126e+06
2403,2.64811e+06,468966
2405,3.00477e+06,468966
2399,3.00477e+06,3.36035e+06
2401,3.44068e+06,3.36035e+06
2403,1.31796e+06,3.36035e+06
2403,1.31796e+06,330882
2405,4.02417e+06,330882
2399,4.02417e+06,3.0125e+06
2401,4.56e+06,3.0125e+06
2396,4.56e+06,3.81125e+06
2398,398496,3.81125e+06
2400,5.32237e+06,3.81125e+06
2398,5.32237e+06,2.6649e+06
2400,3.12613e+06,2.6649e+06
2395,3.12613e+06,920235
2397,2.33333e+06,920235
2399,2.18231e+06,920235
2399,2.18231e+06,940217
2401,917742,940217
2403,1.32609e+06,940217
2402,1.32609e+06,1.66839e+06
2404,281250,1.66839e+06
2403,281250,371076
2405,1.21479e+06,371076
2404,1.21479e+06,1.06694e+06
2403,1.21479e+06,2.18226e+07
2405,1.2125e+07,2.18226e+07
2407,3.38835e+06,2.18226e+07
2405,3.38835e+06,4.80745e+06
2407,1.93955e+06,4.80745e+06
2407,1.93955e+06,1.32817e+07
2406,1.93955e+06,1.17731e+07
2406,1.93955e+06,2.3346e+06
2408,1.3907e+06,2.3346e+06
2410,1.30109e+06,2.3346e+06
2412,1.62267e+06,2.3346e+06
2410,1.62267e+06,1.00651e+06
2405,1.62267e+06,2.27286e+06
2407,1.09326e+06,2.27286e+06
2409,3.22497e+06,2.27286e+06
2406,3.22497e+06,1.70452e+06
2408,1.77315e+06,1.70452e+06
2408,1.77315e+06,1.18107e+06
2410,50458.7,1.18107e+06
2412,1.62309e+06,1.18107e+06
2405,1.62309e+06,2.05109e+06
2407,5.21479e+06,2.05109e+06
2407,5.21479e+06,382653
2409,1.02504e+06,382653
2409,1.02504e+06,7.08e+06
2411,2.77027e+06,7.08e+06
2413,1.16314e+06,7.08e+06
2406,1.16314e+06,1.73454e+06
2408,1.23508e+07,1.73454e+06
2404,1.23508e+07,1.72352e+06
2406,421941,1.72352e+06
2404,421941,557208
2406,112658,557208
2408,496809,557208
2407,496809,1.99692e+06
2409,3.00676e+06,1.99692e+06
2399,3.00676e+06,920226
2401,4.12298e+06,920226
2399,4.12298e+06,9.0398e+06
2401,3.28495e+06,9.0398e+06
2401,3.28495e+06,567485
2401,3.28495e+06,5.94318e+06
2400,3.28495e+06,1.14608e+07
2402,923795,1.14608e+07
2404,2.70888e+06,1.14608e+07
2389,2.70888e+06,1.08121e+06
2391,4.01843e+06,1.08121e+06
2387,4.01843e+06,883822
2387,4.01843e+06,2.03614e+06
2386,4.01843e+06,1.9396e+06
2388,6.84486e+06,1.9396e+06
2387,6.84486e+06,1.09052e+07
2389,2.78045e+06,1.09052e+07
2388,2.78045e+06,5.42009e+06
2390,539440,5.42009e+06
2392,3.29067e+06,5.42009e+06
2390,3.29067e+06,5.42236e+06
2389,3.29067e+06,3.97403e+06
2391,400000,3.97403e+06
2391,400000,6.00943e+06
2393,2.44992e+06,6.00943e+06
2391,2.44992e+06,2.32206e+06
2393,2.07822e+06,2.32206e+06
2395,34954.4,2.32206e+06
2397,336933,2.32206e+06
2399,869464,2.32206e+06
2401,950413,2.32206e+06
2401,950413,3.57025e+06
2403,1.25431e+06,3.57025e+06
2398,1.25431e+06,2.98746e+06
2400,4.66286e+06,2.98746e+06
2400,4.66286e+06,294118
2402,4.4381e+06,294118
2402,4.4381e+06,754339
2402,4.4381e+06,879447
2404,2.4507e+06,879447
2397,2.4507e+06,2.42697e+06
2399,2.87255e+07,2.42697e+06
2398,2.87255e+07,274301
2395,2.87255e+07,869710
2397,1.51737e+06,869710
2397,1.51737e+06,9.48529e+06
2399,470588,9.48529e+06
2401,1.30886e+06,9.48529e+06
2399,1.30886e+06,1.98523e+06
2401,3.56195e+06,1.98523e+06
2397,3.56195e+06,2.4571e+06
2395,3.56195e+06,2.02618e+06
2397,4.01671e+06,2.02618e+06
2391,4.01671e+06,1.1443e+06
2393,1.21538e+06,1.1443e+06
2393,1.21538e+06,307692
2393,1.21538e+06,1.55497e+06
2385,1.21538e+06,1.09603e+06
2387,665813,1.09603e+06
2387,665813,8.30233e+06
2389,1.92308e+06,8.30233e+06
2388,1.92308e+06,632552
2390,2.35876e+06,632552
2383,2.35876e+06,1.57096e+06
2385,1.07252e+06,1.57096e+06
2385,1.07252e+06,1.71778e+07
2387,4.41734e+06,1.71778e+07
2389,10964.9,1.71778e+07
2389,10964.9,583658
2388,10964.9,3.97403e+06
2390,2.788e+06,3.97403e+06
2388,2.788e+06,1.35536e+06
2387,2.788e+06,2.41463e+06
2389,1.24667e+06,2.41463e+06
2391,2.43517e+06,2.41463e+06
2387,2.43517e+06,2.99005e+06
2389,9.96448e+06,2.99005e+06
2389,9.96448e+06,1.93529e+07
2387,9.96448e+06,2.76862e+06
2389,6.29217e+06,2.76862e+06
2389,6.29217e+06,2.77517e+06
2391,5181.35,2.77517e+06
2393,739040,2.77517e+06
2395,1.7138e+06,2.77517e+06
2390,1.7138e+06,1.75621e+06
2392,3.83947e+07,1.75621e+06
2392,3.83947e+07,1.54893e+06
2382,3.83947e+07,925625
2384,1.4e+07,925625
2377,1.4e+07,849838
2377,1.4e+07,5.75e+06
2379,4.31111e+06,5.75e+06
2381,841346,5.75e+06
2373,841346,2.60831e+06
2375,6.64314e+06,2.60831e+06
2374,6.64314e+06,1.37385e+06
2374,6.64314e+06,2.67083e+07
2376,5.62128e+07,2.67083e+07
2370,5.62128e+07,1.6112e+06
2370,5.62128e+07,922581
2372,1.02055e+07,922581
2372,1.02055e+07,5.20677e+06
2374,1.08977e+07,5.20677e+06
2368,1.08977e+07,2.65736e+06
2370,2.22162e+07,2.65736e+06
2368,2.22162e+07,346535
2370,87928.5,346535
2372,100000,346535
2374,1.65863e+06,346535
2376,900217,346535
2372,900217,3.65567e+06
2372,900217,2.71717e+06
2374,1.40409e+06,2.71717e+06
2376,491057,2.71717e+06
2378,364885,2.71717e+06
2376,364885,866911
2378,2.65744e+06,866911
2380,1.36268e+06,866911
2376,1.36268e+06,1.73477e+06
2378,1.85592e+06,1.73477e+06
2377,1.85592e+06,6.15648e+06
2379,1.66701e+06,6.15648e+06
2379,1.66701e+06,7.4491e+06
2381,3.30909e+06,7.4491e+06
2383,2.62251e+06,7.4491e+06
2375,2.62251e+06,1.48561e+06
2375,2.62251e+06,2.96825e+06
2377,4.71318e+06,2.96825e+06
2376,4.71318e+06,7.79137e+06
2378,4.48511e+06,7.79137e+06
2376,4.48511e+06,696512
2378,822660,696512
2378,822660,7e+06
2380,1.40382e+06,7e+06
2378,1.40382e+06,2.07194e+06
2380,1.04481e+06,2.07194e+06
2382,2.33993e+06,2.07194e+06
2379,2.33993e+06,2.64793e+06
2379,2.33993e+06,813131
2381,2.535e+06,813131
2375,2.535e+06,2.48077e+06
2377,1.1875e+07,2.48077e+06
2373,1.1875e+07,3.62105e+06
2375,7.0614e+06,3.62105e+06
2377,195122,3.62105e+06
2377,195122,2.79476e+06
2379,786938,2.79476e+06
2381,1.85505e+06,2.79476e+06
2379,1.85505e+06,1.43721e+06
2381,327314,1.43721e+06
2383,1.46998e+06,1.43721e+06
2382,1.46998e+06,8.59174e+06
2384,2.06805e+07,8.59174e+06
2382,2.06805e+07,6.21856e+06
2384,402813,6.21856e+06
2384,402813,5.21608e+06
2381,402813,901478
2383,1.32725e+06,901478
2385,166667,901478
2381,166667,899023
2383,8.89956e+06,899023
2385,73667.7,899023
2387,1.0902e+06,899023
2383,1.0902e+06,1.96787e+06
2383,1.0902e+06,1.28253e+06
2385,95652.2,1.28253e+06
2387,1.69219e+06,1.28253e+06
2389,1.00415e+06,1.28253e+06
2387,1.00415e+06,4.20312e+06
2389,2.20508e+07,4.20312e+06
2388,2.20508e+07,1.05188e+06
2390,426509,1.05188e+06
2390,426509,3.94783e+06
2392,843558,3.94783e+06
2392,843558,590164
2394,1.28047e+06,590164
2394,1.28047e+06,585784
2391,1.28047e+06,896613
2393,2.12696e+06,896613
2393,2.12696e+06,874419
2395,1.06398e+06,874419
2391,1.06398e+06,1.59772e+06
2393,201299,1.59772e+06
2393,201299,581940
2392,201299,6.75294e+07
2394,4.13221e+06,6.75294e+07
2394,4.13221e+06,1.07143e+06
2394,4.13221e+06,355422
2394,4.13221e+06,5.68182e+06
2396,649165,5.68182e+06
2396,649165,1.18391e+06
2395,649165,1.29348e+06
2397,857388,1.29348e+06
2399,918979,1.29348e+06
2397,918979,2.97727e+06
2399,384040,2.97727e+06
2395,384040,1.47126e+06
2397,1.3615e+06,1.47126e+06
2389,1.3615e+06,1.12287e+06
2391,1.11513e+07,1.12287e+06
2393,608124,1.12287e+06
2395,638849,1.12287e+06
2392,638849,1.45375e+06
2394,5.75449e+06,1.45375e+06
2396,963910,1.45375e+06
2396,963910,1.2233e+06
2396,963910,280899
2398,988350,280899
2398,988350,9.21698e+06
2398,988350,3.59654e+06
2400,3.61004e+06,3.59654e+06
2402,758621,3.59654e+06
2398,758621,1.46317e+06
2400,1.95714e+08,1.46317e+06
2396,1.95714e+08,1.88051e+07
2398,1.47391e+07,1.88051e+07
2400,1.02817e+06,1.88051e+07
2402,898279,1.88051e+07
2404,1.1725e+06,1.88051e+07
2396,1.1725e+06,1.976e+06
2398,5.76515e+06,1.976e+06
2397,5.76515e+06,2.71944e+06
2397,5.76515e+06,2.10734e+06
2397,5.76515e+06,1.25e+06
2399,3.70889e+06,1.25e+06
2394,3.70889e+06,2.22964e+06
2396,1.8531e+06,2.22964e+06
2398,191327,2.22964e+06
2396,191327,1.45714e+06
2398,9.88043e+06,1.45714e+06
2397,9.88043e+06,1.59839e+06
2396,9.88043e+06,851992
2398,820300,851992
2400,906643,851992
2398,906643,1.01305e+06
2398,906643,1.42857e+06
2400,4.7596e+06,1.42857e+06
2397,4.7596e+06,1.43702e+06
2399,770161,1.43702e+06
2401,362780,1.43702e+06
2401,362780,325359
2401,362780,145078
2401,362780,5.48404e+06
2403,3.98564e+06,5.48404e+06
2405,335535,5.48404e+06
2407,477011,5.48404e+06
2406,477011,8.66667e+06
2408,1.17658e+06,8.66667e+06
2410,1.92893e+06,8.66667e+06
2412,1.39587e+06,8.66667e+06
2407,1.39587e+06,2.24e+06
2409,1.84091e+07,2.24e+06
2408,1.84091e+07,4.64392e+06
2410,2.37972e+06,4.64392e+06
2410,2.37972e+06,1.979e+06
2410,2.37972e+06,502907
2412,1.08027e+06,502907
2414,795728,502907
2414,795728,2.31304e+07
2414,795728,231638
2414,795728,2.49763e+06
2416,54755,2.49763e+06
2418,5.51204e+06,2.49763e+06
2407,5.51204e+06,1.26387e+06
2409,8.89503e+06,1.26387e+06
2409,8.89503e+06,1.26471e+06
2408,8.89503e+06,1.87461e+06
2410,2.40367e+06,1.87461e+06
2410,2.40367e+06,8.17308e+06
2412,6.67355e+06,8.17308e+06
2412,6.67355e+06,533333
2412,6.67355e+06,1.53179e+06
2412,6.67355e+06,4.6359e+07
2414,3.03586e+06,4.6359e+07
2413,3.03586e+06,1.18244e+06
2412,3.03586e+06,1.40253e+07
2414,3.30838e+06,1.40253e+07
2416,1.00275e+06,1.40253e+07
2418,371460,1.40253e+07
2420,85443,1.40253e+07
2422,1.11577e+06,1.40253e+07
2419,1.11577e+06,1.21543e+06
2421,1.8362e+06,1.21543e+06
2423,243086,1.21543e+06
2423,243086,9.91667e+06
2422,243086,961390
2424,820265,961390
2426,5.39628e+06,961390
2423,5.39628e+06,7.84615e+06
2423,5.39628e+06,2.80478e+06
2425,6.5529e+06,2.80478e+06
2418,6.5529e+06,2.88634e+06
2420,4.31225e+06,2.88634e+06
2422,1.96618e+07,2.88634e+06
2415,1.96618e+07,1.40794e+06
2414,1.96618e+07,1.23246e+06
2416,30035.3,1.23246e+06
2418,1.35126e+06,1.23246e+06
2420,430821,1.23246e+06
2422,162121,1.23246e+06
2422,162121,3.37687e+06
2424,202861,3.37687e+06
2426,49335.9,3.37687e+06
2428,795485,3.37687e+06
2430,937500,3.37687e+06
2432,736739,3.37687e+06
2428,736739,485554
2428,736739,3.09841e+06
2430,8.3105e+06,3.09841e+06
2426,8.3105e+06,1.32113e+07
2428,1.54026e+07,1.32113e+07
2430,916318,1.32113e+07
2432,1.38213e+06,1.32113e+07
2432,1.38213e+06,301587
2430,1.38213e+06,290023
2432,3.96923e+06,290023
2429,3.96923e+06,4.46848e+06
2425,3.96923e+06,2.02097e+06
2427,1.65417e+08,2.02097e+06
2426,1.65417e+08,5.32121e+06
2420,1.65417e+08,1.18419e+06
2422,3.11176e+06,1.18419e+06
2424,58823.5,1.18419e+06
2420,58823.5,3.47761e+06
2422,1.66771e+07,3.47761e+06
2422,1.66771e+07,1.79123e+07
2424,2.8753e+06,1.79123e+07
2426,2.00585e+06,1.79123e+07
2428,749238,1.79123e+07
2424,749238,6.51621e+06
2426,2.82317e+06,6.51621e+06
2428,787535,6.51621e+06
2428,787535,1.78889e+07
2430,1.49356e+06,1.78889e+07
2430,1.49356e+06,1.95543e+06
2430,1.49356e+06,1.96194e+06
2432,190857,1.96194e+06
2434,335470,1.96194e+06
2434,335470,1.76477e+07
2436,6.8191e+06,1.76477e+07
2438,1.49745e+06,1.76477e+07
2431,1.49745e+06,1.74969e+06
2433,734177,1.74969e+06
2435,2.7058e+06,1.74969e+06
2426,2.7058e+06,1.37508e+06
2426,2.7058e+06,3.94845e+06
2428,5.9816e+06,3.94845e+06
2428,5.9816e+06,84033.6
2430,255875,84033.6
2428,255875,1.04703e+06
2430,1.34634e+06,1.04703e+06
2432,4.88206e+06,1.04703e+06
2431,4.88206e+06,8.87013e+06
2433,1.92527e+06,8.87013e+06
2425,1.92527e+06,2.71454e+06
2427,7.46875e+06,2.71454e+06
2429,3.83654e+06,2.71454e+06
2425,3.83654e+06,2.71642e+06
2427,9.75641e+06,2.71642e+06
2426,9.75641e+06,1.29559e+07
2428,906433,1.29559e+07
2430,358491,1.29559e+07
2432,2.56659e+06,1.29559e+07
2418,2.56659e+06,787638
2407,2.56659e+06,1.19737e+06
2409,3.86607e+07,1.19737e+06
2411,2.99667e+06,1.19737e+06
2410,2.99667e+06,1.04161e+06
2412,1.10019e+06,1.04161e+06
2407,1.10019e+06,5.12344e+06
2409,3.12698e+06,5.12344e+06
2409,3.12698e+06,5.0566e+06
2411,3.37567e+06,5.0566e+06
2408,3.37567e+06,1.03588e+07
2410,2.53462e+07,1.03588e+07
2412,329847,1.03588e+07
2414,1.49851e+06,1.03588e+07
2410,1.49851e+06,1.30814e+06
2412,1.12091e+06,1.30814e+06
2411,1.12091e+06,254286
2413,1.66875e+06,254286
2415,115713,254286
2414,115713,2.25323e+06
2414,115713,3.95735e+06
2416,6.16374e+06,3.95735e+06
2418,3.29105e+06,3.95735e+06
2412,3.29105e+06,2.2064e+06
2414,1.54122e+06,2.2064e+06
2416,455097,2.2064e+06
2416,455097,5.7234e+06
2418,3.41851e+06,5.7234e+06
2418,3.41851e+06,4.82759e+06
2412,3.41851e+06,911765
2414,2.14508e+06,911765
2413,2.14508e+06,642757
2413,2.14508e+06,818598
2415,312169,818598
2417,2.82063e+06,818598
2413,2.82063e+06,2.26579e+06
2415,1.6254e+07,2.26579e+06
2409,1.6254e+07,1.64542e+06
2409,1.6254e+07,847619
2411,2.12571e+06,847619
2413,85831.1,847619
2413,85831.1,5.05e+06
2415,1.57616e+06,5.05e+06
2413,1.57616e+06,2.6941e+06
2414,2.40318e+06,2.6941e+06
2416,1.28589e+06,2.6941e+06
2418,774854,2.6941e+06
2414,774854,1.6297e+06
2416,4.61468e+06,1.6297e+06
2412,4.61468e+06,2.61215e+06
2414,2.65272e+06,2.61215e+06
2411,2.65272e+06,1.13345e+06
2413,1.2694e+06,1.13345e+06
2415,1.71344e+06,1.13345e+06
2416,1.1261e+06,1.13345e+06
2414,1.1261e+06,1.07679e+06
2416,33747.8,1.07679e+06
2416,33747.8,7.32353e+06
2418,1.56497e+06,7.32353e+06
2418,1.56497e+06,326172
2420,709565,326172
2415,709565,1.54749e+06
2417,1.27165e+06,1.54749e+06
2419,2.16522e+06,1.54749e+06
2417,2.16522e+06,1.93645e+06
2419,4.7371e+06,1.93645e+06
2419,4.7371e+06,1.51436e+06
2417,4.7371e+06,667932
2417,4.7371e+06,53719
2415,4.7371e+06,1.91182e+06
2417,2.72973e+07,1.91182e+06
2417,2.72973e+07,5.90566e+06
2417,2.72973e+07,401163
2412,2.72973e+07,1.16494e+06
2414,1.36271e+07,1.16494e+06
2416,2.33333e+06,1.16494e+06
2418,453714,1.16494e+06
2418,453714,1.04651e+06
2420,194579,1.04651e+06
2420,194579,1.41482e+06
2422,1.4736e+06,1.41482e+06
2424,3.27994e+06,1.41482e+06
2422,3.27994e+06,2.12463e+06
2424,3.34135e+06,2.12463e+06
2416,3.34135e+06,1.44255e+06
2418,691589,1.44255e+06
2417,691589,6.91613e+06
2419,2.58564e+06,6.91613e+06
2421,74821.9,6.91613e+06
2423,1.14773e+06,6.91613e+06
2423,1.14773e+06,1.57143e+06
2425,2.61551e+06,1.57143e+06
2425,2.61551e+06,1.66193e+06
2422,2.61551e+06,799087
2424,2.40104e+06,799087
2426,353604,799087
2422,353604,2.20441e+06
2419,353604,447547
2421,1.19759e+06,447547
2419,1.19759e+06,1.98596e+07
2421,4.01524e+06,1.98596e+07
2415,4.01524e+06,957763
2417,1.0062e+07,957763
2417,1.0062e+07,7.43158e+06
2419,1.43501e+06,7.43158e+06
2412,1.43501e+06,1.1897e+06
2414,739950,1.1897e+06
2412,739950,1.60899e+06
2414,2.54891e+06,1.60899e+06
2416,262849,1.60899e+06
2418,56776.6,1.60899e+06
2420,1.38894e+06,1.60899e+06
2415,1.38894e+06,1.21057e+06
2415,1.38894e+06,2.13534e+06
2417,659686,2.13534e+06
2414,659686,1.35941e+06
2416,2.06631e+06,1.35941e+06
2413,2.06631e+06,1.16203e+06
2415,396938,1.16203e+06
2417,5.92843e+06,1.16203e+06
2416,5.92843e+06,1.22973e+07
2416,5.92843e+06,966292
2416,5.92843e+06,1.5974e+06
2413,5.92843e+06,3.105e+06
2412,5.92843e+06,2.33012e+06
2414,1.7412e+06,2.33012e+06
2416,1.12986e+06,2.33012e+06
2416,1.12986e+06,1.13814e+06
2416,1.12986e+06,1.02037e+06
2418,1.11987e+06,1.02037e+06
2420,132979,1.02037e+06
2420,132979,39473.7
2422,1.4751e+06,39473.7
2414,1.4751e+06,1.6885e+06
2416,9.73585e+06,1.6885e+06
2418,6.72512e+06,1.6885e+06
2412,6.72512e+06,1.4214e+06
2414,6.48023e+06,1.4214e+06
2416,2.37374e+06,1.4214e+06
2414,2.37374e+06,2.59117e+06
2416,1.92e+06,2.59117e+06
2418,3.99162e+06,2.59117e+06
2416,3.99162e+06,287958
2409,3.99162e+06,1.41475e+06
2411,6.77929e+06,1.41475e+06
2413,6.44845e+06,1.41475e+06
2412,6.44845e+06,6.13291e+06
2412,6.44845e+06,9.65432e+06
2414,4.79916e+06,9.65432e+06
2410,4.79916e+06,1.59733e+06
2412,3.76672e+06,1.59733e+06
2414,2.04628e+06,1.59733e+06
2408,2.04628e+06,2.10435e+06
2405,2.04628e+06,1.17976e+06
2404,2.04628e+06,1.63182e+07
2406,6.89474e+06,1.63182e+07
2406,6.89474e+06,4.16129e+06
2408,1.98786e+06,4.16129e+06
2407,1.98786e+06,2.20463e+06
2409,2.47609e+06,2.20463e+06
2411,1.11471e+06,2.20463e+06
2410,1.11471e+06,1.70843e+07
2412,5.7619e+06,1.70843e+07
2405,5.7619e+06,3.74802e+06
2407,3.10794e+07,3.74802e+06
2409,1.45106e+06,3.74802e+06
2409,1.45106e+06,6.87204e+06
2406,1.45106e+06,5.0855e+06
2408,5.64201e+06,5.0855e+06
2406,5.64201e+06,728741
2408,905941,728741
2407,905941,2.70652e+07
2409,4.26225e+06,2.70652e+07
2409,4.26225e+06,1.57812e+06
2411,1.3141e+06,1.57812e+06
2411,1.3141e+06,3.92576e+06
2408,1.3141e+06,2.14e+07
2410,4.71484e+06,2.14e+07
2409,4.71484e+06,5.75758e+06
2411,4.5964e+06,5.75758e+06
2411,4.5964e+06,1.25846e+07
2411,4.5964e+06,1.085e+08
2413,504028,1.085e+08
2415,235016,1.085e+08
2414,235016,5.81407e+06
2416,4.42678e+06,5.81407e+06
2418,671920,5.81407e+06
2420,549061,5.81407e+06
2413,549061,937409
2415,7.1049e+06,937409
2412,7.1049e+06,920036
2411,7.1049e+06,557743
2413,2.57371e+06,557743
2411,2.57371e+06,1.12891e+06
2413,4.98734e+06,1.12891e+06
2411,4.98734e+06,3.73964e+06
2411,4.98734e+06,1.02804e+06
2413,254310,1.02804e+06
2413,254310,1.87413e+06
2415,410359,1.87413e+06
2417,20661.2,1.87413e+06
2419,1.00207e+06,1.87413e+06
2419,1.00207e+06,4.02151e+06
2421,828516,4.02151e+06
2423,1.84521e+06,4.02151e+06
2425,1.13623e+06,4.02151e+06
2425,1.13623e+06,1.06e+06
2421,1.13623e+06,1.07264e+06
2421,1.13623e+06,4.36e+06
2417,1.13623e+06,1.56019e+06
2419,3.82592e+06,1.56019e+06
2416,3.82592e+06,1.60162e+06
2418,8.81646e+06,1.60162e+06
2418,8.81646e+06,6.16505e+06
2418,8.81646e+06,669800
2419,3.21481e+06,669800
2419,3.21481e+06,403252
2419,3.21481e+06,3.48024e+06
2417,3.21481e+06,727173
2419,2.03828e+06,727173
2421,2.76311e+06,727173
2423,665339,727173
2421,665339,538348
2423,3.63583e+06,538348
2422,3.63583e+06,2.52083e+06
2422,3.63583e+06,570093
2422,3.63583e+06,4.08597e+06
2422,3.63583e+06,5.00965e+06
2424,9.27354e+06,5.00965e+06
2424,9.27354e+06,1.90369e+06
2426,331096,1.90369e+06
2428,1.73402e+06,1.90369e+06
2430,280797,1.90369e+06
2430,280797,267640
2432,46783.6,267640
2434,1.21289e+06,267640
2434,1.21289e+06,2.72881e+06
2436,475584,2.72881e+06
2436,475584,1.83849e+06
2435,475584,1.22182e+06
2437,2.59932e+06,1.22182e+06
2435,2.59932e+06,3.26093e+06
2437,4.30328e+06,3.26093e+06
2437,4.30328e+06,6.26923e+06
2439,1.57677e+06,6.26923e+06
2441,57142.9,6.26923e+06
2437,57142.9,1.14942e+06
2439,569794,1.14942e+06
2439,569794,307263
2439,569794,648094
2441,3.13573e+06,648094
2443,702790,648094
2436,702790,2.40805e+06
2438,2.94196e+06,2.40805e+06
2440,1.35628e+06,2.40805e+06
2440,1.35628e+06,2.89412e+06
2442,255203,2.89412e+06
2442,255203,3.91228e+06
2444,1.85977e+06,3.91228e+06
2446,341969,3.91228e+06
2445,341969,4.82772e+06
2444,341969,1.2686e+06
2446,3.34332e+06,1.2686e+06
2448,103774,1.2686e+06
2450,2.02467e+06,1.2686e+06
2452,3.01183e+06,1.2686e+06
2440,3.01183e+06,738028
2440,3.01183e+06,1.62532e+07
2435,3.01183e+06,706306
2437,3.46377e+06,706306
2437,3.46377e+06,4.23913e+06
2439,1.34599e+06,4.23913e+06
2441,925834,4.23913e+06
2440,925834,1.7696e+06
2439,925834,5.24727e+06
2441,3.46904e+06,5.24727e+06
2439,3.46904e+06,962617
2438,3.46904e+06,1.21941e+06
2437,3.46904e+06,1.60909e+06
2439,3.79683e+06,1.60909e+06
2441,586806,1.60909e+06
2443,1.87156e+06,1.60909e+06
2440,1.87156e+06,1.32917e+06
2442,941026,1.32917e+06
2440,941026,3.4881e+06
2442,7.5315e+06,3.4881e+06
2437,7.5315e+06,1.02879e+06
2439,4.31053e+06,1.02879e+06
2433,4.31053e+06,1.44697e+06
2435,6.82209e+06,1.44697e+06
2431,6.82209e+06,2.35705e+06
2433,1.31875e+06,2.35705e+06
2435,1.21598e+06,2.35705e+06
2437,1.08141e+06,2.35705e+06
2439,1.75354e+06,2.35705e+06
2438,1.75354e+06,6.056e+07
2440,2.2967e+06,6.056e+07
2440,2.2967e+06,3.04741e+06
2439,2.2967e+06,1.33383e+06
2441,4.98364e+06,1.33383e+06
2436,4.98364e+06,2.26768e+06
2438,4.09606e+06,2.26768e+06
2438,4.09606e+06,6.85714e+06
2433,4.09606e+06,1.30716e+06
2435,5.93548e+06,1.30716e+06
2435,5.93548e+06,2.32877e+06
2437,3.02814e+06,2.32877e+06
2435,3.02814e+06,4.38857e+06
2437,1.56394e+06,4.38857e+06
2435,1.56394e+06,2.23148e+07
2437,8.94583e+07,2.23148e+07
2432,8.94583e+07,1.0949e+06
2432,8.94583e+07,5.14286e+06
2434,406874,5.14286e+06
2436,2.25865e+06,5.14286e+06
2436,2.25865e+06,1.675e+06
2438,393246,1.675e+06
2438,393246,4.46604e+06
2440,768771,4.46604e+06
2439,768771,2.80412e+06
2441,1.92157e+06,2.80412e+06
2443,1.09091e+06,2.80412e+06
2443,1.09091e+06,1.5546e+06
2445,802436,1.5546e+06
2444,802436,1.50473e+06
2446,637037,1.50473e+06
2448,673367,1.50473e+06
2447,673367,5.56087e+07
2449,128981,5.56087e+07
2451,3.87131e+06,5.56087e+07
2446,3.87131e+06,802817
2448,3.26863e+07,802817
2448,3.26863e+07,6.8e+06
2450,2.94845e+06,6.8e+06
2448,2.94845e+06,901822
2450,390319,901822
2450,390319,139269
2452,715000,139269
2452,715000,1.91566e+06
2452,715000,428235
2452,715000,748344
2454,336431,748344
2454,336431,2.86182e+06
2456,1.65693e+06,2.86182e+06
2456,1.65693e+06,35000
2450,1.65693e+06,1.00283e+06
2452,2.5138e+06,1.00283e+06
2444,2.5138e+06,935449
2446,2e+06,935449
2446,2e+06,3.6875e+06
2448,161785,3.6875e+06
2448,161785,1.28843e+06
2450,709176,1.28843e+06
2448,709176,1.98008e+06
2450,1.13871e+07,1.98008e+06
2448,1.13871e+07,2.75125e+08
2450,1.38192e+06,2.75125e+08
2447,1.38192e+06,1.74384e+06
2449,1.85191e+07,1.74384e+06
2448,1.85191e+07,647220
2450,1.78919e+06,647220
2452,98493.6,647220
2445,98493.6,1.74849e+06
2447,9.8069e+06,1.74849e+06
2445,9.8069e+06,1.33508e+06
2447,1.97626e+06,1.33508e+06
2449,1.45692e+06,1.33508e+06
2449,1.45692e+06,1.82456e+06
2444,1.45692e+06,1.73412e+06
2443,1.45692e+06,3.42623e+06
2445,1.18703e+07,3.42623e+06
2447,6.2437e+06,3.42623e+06
2444,6.2437e+06,1.2963e+06
2444,6.2437e+06,3e+06
2446,4.19718e+06,3e+06
2440,4.19718e+06,2.52271e+06
2442,1.77609e+06,2.52271e+06
2442,1.77609e+06,2.76786e+06
2444,745495,2.76786e+06
2444,745495,222997
2444,745495,1.05161e+07
2442,745495,7.99251e+06
2444,1.04463e+07,7.99251e+06
2444,1.04463e+07,2.06383e+06
2446,15810.3,2.06383e+06
2445,15810.3,255302
2447,2.68606e+06,255302
2444,2.68606e+06,1.10206e+06
2446,985507,1.10206e+06
2442,985507,1.35725e+06
2444,5.50508e+06,1.35725e+06
2446,131579,1.35725e+06
2443,131579,5.60883e+06
2445,3.51712e+06,5.60883e+06
2447,735493,5.60883e+06
2449,774574,5.60883e+06
2449,774574,1.52219e+06
2451,195793,1.52219e+06
2453,1.57741e+06,1.52219e+06
2453,1.57741e+06,1.34951e+06
2453,1.57741e+06,6.83133e+06
2453,1.57741e+06,1.64045e+06
2455,969194,1.64045e+06
2455,969194,8.21858e+06
2457,3.15118e+06,8.21858e+06
2454,3.15118e+06,3.64615e+07
2456,1.05397e+07,3.64615e+07
2449,1.05397e+07,2.53951e+06
2451,61919.5,2.53951e+06
2453,3.54289e+06,2.53951e+06
2450,3.54289e+06,8.93909e+06
2452,3.92295e+07,8.93909e+06
2452,3.92295e+07,2.11111e+06
2454,4.56466e+06,2.11111e+06
2446,4.56466e+06,1.86508e+06
2448,4.87347e+06,1.86508e+06
2450,1.11355e+06,1.86508e+06
2452,178455,1.86508e+06
2449,178455,1.72993e+06
2451,2.97964e+06,1.72993e+06
2450,2.97964e+06,1.17826e+07
2450,2.97964e+06,207612
2452,1.32359e+06,207612
2454,346872,207612
2454,346872,1.35603e+06
2454,346872,4.94444e+06
2456,2.49373e+06,4.94444e+06
2454,2.49373e+06,8.23361e+06
2456,4.50922e+06,8.23361e+06
2456,4.50922e+06,2.5629e+07
2458,1.42574e+06,2.5629e+07
2457,1.42574e+06,7.51596e+06
2457,1.42574e+06,1.12166e+06
2456,1.42574e+06,732625
2458,1.01331e+06,732625
2460,1.06131e+06,732625
2462,3.23234e+06,732625
2459,3.23234e+06,1.18227e+06
2461,500000,1.18227e+06
2463,1.90435e+06,1.18227e+06
2459,1.90435e+06,1.03113e+06
2461,1.02012e+07,1.03113e+06
2458,1.02012e+07,3.41065e+06
2460,1.35637e+06,3.41065e+06
2456,1.35637e+06,679487
2456,1.35637e+06,436275
2456,1.35637e+06,2.17277e+06
2458,1.19754e+06,2.17277e+06
2460,3.75152e+06,2.17277e+06
2460,3.75152e+06,1.90333e+08
2460,3.75152e+06,210970
2457,3.75152e+06,2.83456e+06
2459,4.37419e+06,2.83456e+06
2456,4.37419e+06,2.06019e+06
2458,1.40143e+08,2.06019e+06
2456,1.40143e+08,3.30442e+06
2454,1.40143e+08,1.25796e+06
2456,1.67864e+06,1.25796e+06
2458,204082,1.25796e+06
2457,204082,2.1223e+06
2459,1.00936e+06,2.1223e+06
2458,1.00936e+06,935673
2460,2.00356e+06,935673
2460,2.00356e+06,3.92308e+07
2462,1.45185e+06,3.92308e+07
2461,1.45185e+06,2.46739e+06
2463,391566,2.46739e+06
2465,372093,2.46739e+06
2465,372093,2.57823e+06
2467,2.02381e+06,2.57823e+06
2467,2.02381e+06,305882
2467,2.02381e+06,5.04375e+07
2469,620690,5.04375e+07
2469,620690,1.32449e+06
2469,620690,1.36825e+07
2471,692168,1.36825e+07
2473,5.41401e+06,1.36825e+07
2473,5.41401e+06,1.79828e+06
2475,26246.7,1.79828e+06
2473,26246.7,1.30785e+06
2475,5.81884e+06,1.30785e+06
2477,28103,1.30785e+06
2479,2.38913e+06,1.30785e+06
2478,2.38913e+06,2.54039e+06
2478,2.38913e+06,2.0101e+06
2470,2.38913e+06,1.19128e+06
2472,3.1773e+06,1.19128e+06
2474,992537,1.19128e+06
2469,992537,2.12362e+06
2471,3.83784e+06,2.12362e+06
2471,3.83784e+06,1.06296e+07
2473,1.67819e+06,1.06296e+07
2473,1.67819e+06,1.67907e+06
2469,1.67819e+06,531722
2469,1.67819e+06,1.72222e+06
2471,858661,1.72222e+06
2473,78303.4,1.72222e+06
2472,78303.4,8.24265e+06
2474,836401,8.24265e+06
2476,2.83516e+06,8.24265e+06
2474,2.83516e+06,7.04089e+06
2476,1.68284e+06,7.04089e+06
2476,1.68284e+06,208511
2478,2.51392e+06,208511
2478,2.51392e+06,5.50174e+06
2477,2.51392e+06,1.36637e+06
2479,2.33333e+06,1.36637e+06
2468,2.33333e+06,1.53758e+06
2470,1.32344e+07,1.53758e+06
2470,1.32344e+07,4.65323e+06
2472,7.60526e+06,4.65323e+06
2469,7.60526e+06,3.29306e+06
2471,414938,3.29306e+06
2473,1.17768e+07,3.29306e+06
2461,1.17768e+07,1.02014e+06
2463,448508,1.02014e+06
2461,448508,4.69575e+06
2463,4.13793e+06,4.69575e+06
2465,1.42686e+06,4.69575e+06
2465,1.42686e+06,870438
2465,1.42686e+06,1.04118e+06
2460,1.42686e+06,2.7183e+06
2462,1.02049e+07,2.7183e+06
2464,709091,2.7183e+06
2466,122407,2.7183e+06
2468,613115,2.7183e+06
2453,613115,783101
2455,1.69076e+06,783101
2457,3.29181e+06,783101
2455,3.29181e+06,434466
2455,3.29181e+06,641667
2455,3.29181e+06,4.69118e+06
2455,3.29181e+06,2.93312e+06
2457,2.03673e+06,2.93312e+06
2457,2.03673e+06,1.13821e+06
2457,2.03673e+06,2.22314e+06
2459,775378,2.22314e+06
2453,775378,1.73343e+06
2455,9.72222e+07,1.73343e+06
2451,9.72222e+07,775819
2453,1.25878e+06,775819
2453,1.25878e+06,3.81915e+06
2453,1.25878e+06,842105
2455,221729,842105
2457,1.63568e+06,842105
2454,1.63568e+06,1.90161e+06
2454,1.63568e+06,1.62414e+07
2456,224547,1.62414e+07
2458,660333,1.62414e+07
2457,660333,1.20076e+06
2459,1.40185e+06,1.20076e+06
2456,1.40185e+06,2.30548e+06
2458,4.55e+07,2.30548e+06
2460,221893,2.30548e+06
2462,576369,2.30548e+06
2461,576369,1.23765e+06
2463,1.114e+06,1.23765e+06
2459,1.114e+06,807423
2459,1.114e+06,2.025e+06
2461,239726,2.025e+06
2463,1.50434e+06,2.025e+06
2461,1.50434e+06,4.33818e+07
2463,2.96498e+06,4.33818e+07
2465,1.95124e+06,4.33818e+07
2459,1.95124e+06,567851
2459,1.95124e+06,1.32308e+07
2461,4.57997e+06,1.32308e+07
2452,4.57997e+06,1.37083e+06
2454,26743.1,1.37083e+06
2456,898438,1.37083e+06
2458,2.41185e+06,1.37083e+06
2453,2.41185e+06,981713
2451,2.41185e+06,6.825e+06
2453,8.09639e+06,6.825e+06
2450,8.09639e+06,1e+06
2452,4.21575e+06,1e+06
2454,356164,1e+06
2454,356164,3.09055e+06
2454,356164,1.49275e+06
2456,1.88679e+06,1.49275e+06
2456,1.88679e+06,2.11947e+06
2454,1.88679e+06,3.5733e+06
2456,5.40593e+06,3.5733e+06
2442,5.40593e+06,1.46195e+06
2444,8.93567e+06,1.46195e+06
2444,8.93567e+06,1.93125e+06
2446,4.14927e+06,1.93125e+06
2445,4.14927e+06,2.10642e+06
2440,4.14927e+06,1.7739e+06
2442,7.40976e+06,1.7739e+06
2438,7.40976e+06,1.27108e+06
2440,658228,1.27108e+06
2438,658228,1.04541e+06
2440,168385,1.04541e+06
2442,3.163e+06,1.04541e+06
2441,3.163e+06,2.64412e+06
2443,810606,2.64412e+06
2443,810606,1.89354e+06
2443,810606,4.9005e+06
2445,589041,4.9005e+06
2445,589041,1.30641e+06
2447,1.37283e+06,1.30641e+06
2449,3.35925e+06,1.30641e+06
2449,3.35925e+06,918495
2446,3.35925e+06,1.35307e+06
2448,3.26283e+06,1.35307e+06
2444,3.26283e+06,1.75529e+06
2444,3.26283e+06,2.76119e+06
2446,2.49333e+06,2.76119e+06
2448,3.06527e+06,2.76119e+06
2441,3.06527e+06,2.45462e+06
2443,1.15254e+07,2.45462e+06
2445,1.11983e+07,2.45462e+06
2439,1.11983e+07,1.33858e+06
2436,1.11983e+07,942446
2438,7.46875e+06,942446
2436,7.46875e+06,1.96542e+06
2438,1.96441e+06,1.96542e+06
2438,1.96441e+06,6.95238e+06
2440,2.5177e+06,6.95238e+06
2438,2.5177e+06,5.86232e+06
2440,4.73935e+06,5.86232e+06
2442,669627,5.86232e+06
2436,669627,679671
2438,1.14375e+07,679671
2438,1.14375e+07,485830
2438,1.14375e+07,7.275e+06
2438,1.14375e+07,2.80556e+06
2432,1.14375e+07,1.38338e+06
2432,1.14375e+07,6.87037e+06
2434,9.92267e+06,6.87037e+06
2429,9.92267e+06,1.00208e+06
2431,6.14894e+06,1.00208e+06
2431,6.14894e+06,4.63485e+06
2433,212171,4.63485e+06
2435,572869,4.63485e+06
2437,2.01674e+06,4.63485e+06
2437,2.01674e+06,8.5e+06
2435,2.01674e+06,8.03249e+06
2437,3.93778e+06,8.03249e+06
2433,3.93778e+06,545272
2435,1.01404e+07,545272
2434,1.01404e+07,1.14571e+06
2434,1.01404e+07,8.01667e+06
2432,1.01404e+07,1.18237e+06
2434,870933,1.18237e+06
2428,870933,1.08622e+06
2430,8.69388e+06,1.08622e+06
2430,8.69388e+06,8.89444e+07
2432,3.58112e+06,8.89444e+07
2432,3.58112e+06,2.97163e+06
2432,3.58112e+06,2.31724e+06
2434,1.233e+06,2.31724e+06
2436,755988,2.31724e+06
2432,755988,1.13274e+06
2434,2.47692e+06,1.13274e+06
2433,2.47692e+06,1.26023e+06
2433,2.47692e+06,1.68475e+06
2435,720605,1.68475e+06
2435,720605,1.73382e+07
2437,6.96604e+06,1.73382e+07
2433,6.96604e+06,1.35945e+06
2435,1.91847e+06,1.35945e+06
2435,1.91847e+06,1.17994e+06
2435,1.91847e+06,1.38333e+07
2435,1.91847e+06,1.26587e+06
2432,1.91847e+06,558719
2434,579882,558719
2436,1.27546e+06,558719
2434,1.27546e+06,2.52833e+06
2436,2.7125e+07,2.52833e+06
2434,2.7125e+07,1.1218e+06
2436,978289,1.1218e+06
2438,511752,1.1218e+06
2434,511752,387120
2434,511752,3.75e+06
2436,1.21835e+06,3.75e+06
2435,1.21835e+06,4.87705e+06
2437,927769,4.87705e+06
2439,157224,4.87705e+06
2441,1.00524e+06,4.87705e+06
2441,1.00524e+06,615789
2439,1.00524e+06,6.55118e+06
2441,3.12439e+06,6.55118e+06
2440,3.12439e+06,1.88512e+06
2442,882472,1.88512e+06
2444,723324,1.88512e+06
2446,5.2e+06,1.88512e+06
2446,5.2e+06,2.51138e+06
2448,2.87869e+06,2.51138e+06
2447,2.87869e+06,1.83092e+06
2446,2.87869e+06,7.39655e+06
2448,9.11413e+06,7.39655e+06
2450,1.19573e+06,7.39655e+06
2439,1.19573e+06,802493
2441,3.3427e+06,802493
2438,3.3427e+06,1.58511e+06
2440,5.87603e+06,1.58511e+06
2440,5.87603e+06,9.01149e+06
2442,551948,9.01149e+06
2442,551948,1.03077e+06
2444,669364,1.03077e+06
2444,669364,363458
2443,669364,1.03426e+06
2445,1.41787e+06,1.03426e+06
2447,1.16435e+06,1.03426e+06
2443,1.16435e+06,780180
2440,1.16435e+06,1.22762e+06
2442,3.83215e+06,1.22762e+06
2440,3.83215e+06,197824
2438,3.83215e+06,657077
2436,3.83215e+06,1.31388e+06
2438,1.58018e+07,1.31388e+06
2433,1.58018e+07,1.5642e+06
2435,8.73333e+06,1.5642e+06
2437,2.83224e+06,1.5642e+06
2437,2.83224e+06,2.60645e+06
2439,170213,2.60645e+06
2441,245902,2.60645e+06
2443,1.78668e+06,2.60645e+06
2440,1.78668e+06,1.9358e+06
2436,1.78668e+06,2.29379e+06
2438,3.47671e+06,2.29379e+06
2432,3.47671e+06,679397
2434,1.355e+06,679397
2436,4.86966e+06,679397
2429,4.86966e+06,1.32395e+06
2421,4.86966e+06,1.33611e+06
2423,3.904e+06,1.33611e+06
2425,1.4871e+06,1.33611e+06
2427,2.26484e+06,1.33611e+06
2425,2.26484e+06,4.13966e+06
2427,1.37679e+06,4.13966e+06
2426,1.37679e+06,611331
2426,1.37679e+06,84337.3
2428,1.21117e+06,84337.3
2426,1.21117e+06,528261
2428,2.57715e+06,528261
2414,2.57715e+06,1.30274e+06
2416,6.76645e+06,1.30274e+06
2418,7.70103e+06,1.30274e+06
2417,7.70103e+06,2.5786e+06
2417,7.70103e+06,3.925e+06
2419,3.14691e+06,3.925e+06
2416,3.14691e+06,2.97183e+07
2418,8.36923e+07,2.97183e+07
2418,8.36923e+07,800000
2420,1.40659e+06,800000
2422,493609,800000
2424,597403,800000
2421,597403,1.07413e+06
2420,597403,2.42549e+06
2422,2.94208e+06,2.42549e+06
2420,2.94208e+06,1.21481e+06
2422,4.43824e+07,1.21481e+06
2420,4.43824e+07,438511
2418,4.43824e+07,6.375e+06
2420,3.06397e+06,6.375e+06
2422,2.27666e+06,6.375e+06
2415,2.27666e+06,1.12989e+06
2417,3.74199e+06,1.12989e+06
2410,3.74199e+06,660670
2412,2.36929e+06,660670
2407,2.36929e+06,1.70387e+06
2409,7.82482e+06,1.70387e+06
2409,7.82482e+06,1.49545e+06
2411,292282,1.49545e+06
2411,292282,47619
2408,292282,1.00749e+06
2410,24359,1.00749e+06
2412,3.37089e+06,1.00749e+06
2403,3.37089e+06,1.43727e+06
2405,4.11311e+06,1.43727e+06
2407,1.67582e+06,1.43727e+06
2403,1.67582e+06,727011
2403,1.67582e+06,679245
2397,1.67582e+06,933004
2399,8.27824e+06,933004
2391,8.27824e+06,1.67491e+06
2393,2.9046e+07,1.67491e+06
2393,2.9046e+07,1.27917e+06
2393,2.9046e+07,628141
2393,2.9046e+07,1.47283e+06
2393,2.9046e+07,2.67876e+06
2395,1.59059e+06,2.67876e+06
2397,146603,2.67876e+06
2396,146603,1.61646e+06
2398,3.44178e+06,1.61646e+06
2398,3.44178e+06,2.17787e+06
2400,235229,2.17787e+06
2396,235229,555694
2398,420655,555694
2395,420655,1.6876e+06
2395,420655,290441
2397,3.67135e+06,290441
2397,3.67135e+06,357143
2397,3.67135e+06,7.70044e+06
2399,1.41103e+06,7.70044e+06
2401,1.21234e+06,7.70044e+06
2399,1.21234e+06,1.52688e+07
2401,815549,1.52688e+07
2403,36161.3,1.52688e+07
2405,191930,1.52688e+07
2405,191930,184516
2407,688909,184516
2409,1.36667e+06,184516
2404,1.36667e+06,890116
2404,1.36667e+06,923077
2406,3.49554e+06,923077
2406,3.49554e+06,1.15e+07
2408,1.42191e+06,1.15e+07
2401,1.42191e+06,2.57022e+06
2403,9.69496e+06,2.57022e+06
2403,9.69496e+06,5.45e+06
2403,9.69496e+06,810690
2402,9.69496e+06,3.18246e+06
2402,9.69496e+06,4.02353e+07
2404,1.10633e+06,4.02353e+07
2396,1.10633e+06,1.0887e+06
2398,1.63933e+08,1.0887e+06
2398,1.63933e+08,7.28571e+06
2398,1.63933e+08,419355
2395,1.63933e+08,2.64849e+06
2397,1.64742e+06,2.64849e+06
2397,1.64742e+06,118483
2399,935294,118483
2398,935294,377930
2400,454839,377930
2402,1.17122e+06,377930
2399,1.17122e+06,1.59686e+06
2401,4.03731e+07,1.59686e+06
2401,4.03731e+07,4.14085e+06
2401,4.03731e+07,1.8861e+06
2401,4.03731e+07,905941
2403,2.47286e+06,905941
2401,2.47286e+06,433551
2400,2.47286e+06,4.41434e+06
2402,1.94057e+07,4.41434e+06
2388,1.94057e+07,978377
2390,5.06471e+06,978377
2392,2.7331e+06,978377
2392,2.7331e+06,1.71352e+06
2387,2.7331e+06,2.18802e+06
2389,6.60638e+06,2.18802e+06
2389,6.60638e+06,240000
2391,403204,240000
2391,403204,2403.85
2393,1.09367e+06,2403.85
2391,1.09367e+06,4.66466e+06
2393,3.94972e+06,4.66466e+06
2395,1.73692e+06,4.66466e+06
2387,1.73692e+06,854463
2389,11103.4,854463
2388,11103.4,4.18148e+07
2390,1.83759e+06,4.18148e+07
2390,1.83759e+06,993174
2392,693857,993174
2394,1.76045e+06,993174
2391,1.76045e+06,3.09867e+06
2388,1.76045e+06,514599
2390,1.40573e+07,514599
2386,1.40573e+07,7.48254e+06
2388,290043,7.48254e+06
2390,5.61381e+06,7.48254e+06
2382,5.61381e+06,2.34109e+06
2384,1.52424e+07,2.34109e+06
2383,1.52424e+07,4.68137e+06
2385,3.21514e+06,4.68137e+06
2387,1.18669e+06,4.68137e+06
2387,1.18669e+06,3.42553e+06
2381,1.18669e+06,519458
2383,1.3411e+07,519458
2375,1.3411e+07,1.32484e+06
2372,1.3411e+07,1.73922e+07
2374,3.69857e+07,1.73922e+07
2376,9.86e+06,1.73922e+07
2378,3.40351e+06,1.73922e+07
2376,3.40351e+06,5.58788e+06
2372,3.40351e+06,4.75444e+06
2374,8.05941e+06,4.75444e+06
2373,8.05941e+06,4.47535e+06
2373,8.05941e+06,7.875e+06
2373,8.05941e+06,639640
2371,8.05941e+06,441989
2373,231931,441989
2375,2.09783e+06,441989
2369,2.09783e+06,1.00818e+06
2371,5.28919e+07,1.00818e+06
2371,5.28919e+07,3.08696e+06
2369,5.28919e+07,2.03118e+06
2371,26381.9,2.03118e+06
2373,1.90989e+06,2.03118e+06
2372,1.90989e+06,507069
2374,1.18709e+06,507069
2367,1.18709e+06,1.50657e+06
2369,1.24762e+07,1.50657e+06
2366,1.24762e+07,1.01153e+06
2368,163594,1.01153e+06
2370,2.39527e+06,1.01153e+06
2365,2.39527e+06,2.44801e+06
2367,6.05882e+06,2.44801e+06
2367,6.05882e+06,1.05862e+07
2369,677262,1.05862e+07
2368,677262,1.02685e+06
2370,1.58019e+06,1.02685e+06
2369,1.58019e+06,1.66429e+07
2371,522330,1.66429e+07
2371,522330,589862
2373,72636.8,589862
2375,737265,589862
2371,737265,1.65016e+06
2373,1.78201e+06,1.65016e+06
2373,1.78201e+06,8.77397e+06
2375,1.66613e+06,8.77397e+06
2377,1.41393e+06,8.77397e+06
2371,1.41393e+06,715850
2373,3.35606e+06,715850
2375,1.01084e+06,715850
2375,1.01084e+06,2.14807e+06
2375,1.01084e+06,2.54545e+06
2375,1.01084e+06,425676
2375,1.01084e+06,3.99286e+06
2377,2.11951e+06,3.99286e+06
2373,2.11951e+06,387665
2375,1.61613e+06,387665
2375,1.61613e+06,710145
2375,1.61613e+06,3.25725e+06
2377,1.49159e+06,3.25725e+06
2369,1.49159e+06,2.45286e+06
2371,2.82462e+07,2.45286e+06
2366,2.82462e+07,3.26025e+06
2368,2.22484e+07,3.26025e+06
2365,2.22484e+07,1.45494e+06
2367,833333,1.45494e+06
2364,833333,4.51064e+06
2366,1.52143e+07,4.51064e+06
2368,420043,4.51064e+06
2365,420043,1.33333e+07
2367,1.66842e+07,1.33333e+07
2367,1.66842e+07,5.21042e+07
2369,2.68189e+06,5.21042e+07
2369,2.68189e+06,4.08462e+06
2368,2.68189e+06,3.28829e+06
2370,1.86564e+06,3.28829e+06
2367,1.86564e+06,1.50413e+06
2369,1.30779e+06,1.50413e+06
2371,1.09916e+06,1.50413e+06
2371,1.09916e+06,3.69076e+06
2373,777778,3.69076e+06
2375,288719,3.69076e+06
2374,288719,2.94023e+06
2376,159243,2.94023e+06
2378,663057,2.94023e+06
2380,711230,2.94023e+06
2382,348055,2.94023e+06
2381,348055,2.73995e+06
2383,1.68095e+06,2.73995e+06
2385,129909,2.73995e+06
2385,129909,1.14068e+07
2387,731151,1.14068e+07
2389,523478,1.14068e+07
2386,523478,911285
2386,523478,4.73059e+06
2386,523478,1.42105e+06
2388,3.71525e+07,1.42105e+06
2390,665605,1.42105e+06
2390,665605,2.79677e+06
2389,665605,1.87943e+06
2391,3.58983e+06,1.87943e+06
2390,3.58983e+06,2.14261e+06
2390,3.58983e+06,4.76923e+06
2392,500000,4.76923e+06
2392,500000,2.1133e+06
2394,2.97758e+06,2.1133e+06
2396,1.19888e+06,2.1133e+06
2391,1.19888e+06,2.84715e+06
2387,1.19888e+06,799553
2389,1.10753e+07,799553
2383,1.10753e+07,1.04721e+06
2383,1.10753e+07,5.875e+06
2385,4.69231e+06,5.875e+06
2387,409574,5.875e+06
2389,429412,5.875e+06
2384,429412,771195
2384,429412,5.84058e+06
2386,569975,5.84058e+06
2388,6.94721e+06,5.84058e+06
2385,6.94721e+06,1.32673e+06
2384,6.94721e+06,1.84643e+06
2382,6.94721e+06,866295
2384,1.02273e+07,866295
2383,1.02273e+07,560045
2383,1.02273e+07,509804
2381,1.02273e+07,6.2e+07
2383,1.649e+08,6.2e+07
2385,1.54902e+06,6.2e+07
2384,1.54902e+06,3.44118e+06
2386,4.22826e+06,3.44118e+06
2386,4.22826e+06,7.87838e+06
2388,1.78806e+06,7.87838e+06
2380,1.78806e+06,1.63916e+06
2382,9.43612e+06,1.63916e+06
2381,9.43612e+06,4.57895e+06
2383,743386,4.57895e+06
2383,743386,4484.3
2383,743386,3.07347e+06
2385,3.95853e+06,3.07347e+06
2383,3.95853e+06,2.21884e+06
2385,307246,2.21884e+06
2387,394062,2.21884e+06
2384,394062,2.66622e+06
2386,2.08556e+08,2.66622e+06
2386,2.08556e+08,430233
2384,2.08556e+08,7.0875e+07
2386,6.4058e+06,7.0875e+07
2386,6.4058e+06,2.46809e+06
2388,911268,2.46809e+06
2383,911268,896000
2385,2.42588e+07,896000
2382,2.42588e+07,4.14107e+07
2384,3.69355e+06,4.14107e+07
2379,3.69355e+06,764809
2381,2.26545e+06,764809
2383,427374,764809
2380,427374,1.18716e+06
2382,4.01023e+06,1.18716e+06
2382,4.01023e+06,227758
2382,4.01023e+06,1.00228e+06
2379,4.01023e+06,304833
2381,652495,304833
2381,652495,200000
2381,652495,4.00433e+06
2383,922905,4.00433e+06
2385,2.96599e+06,4.00433e+06
2385,2.96599e+06,2.84194e+07
2382,2.96599e+06,360065
2382,2.96599e+06,3.58861e+06
2384,956175,3.58861e+06
2386,2.15489e+06,3.58861e+06
2388,304348,3.58861e+06
2383,304348,1.33699e+06
2385,2.56923e+06,1.33699e+06
2385,2.56923e+06,1.68571e+07
2382,2.56923e+06,845907
2384,5.60508e+06,845907
2382,5.60508e+06,1.31183e+06
2382,5.60508e+06,2.13542e+07
2381,5.60508e+06,4.87045e+06
2383,2.69319e+06,4.87045e+06
2383,2.69319e+06,1.48276e+06
2383,2.69319e+06,1.87716e+06
2385,1.44547e+06,1.87716e+06
2387,1.34138e+06,1.87716e+06
2389,91799.3,1.87716e+06
2385,91799.3,1.34542e+06
2384,91799.3,1.53151e+06
2386,1.03042e+06,1.53151e+06
2384,1.03042e+06,591022
2386,5.13091e+06,591022
2371,5.13091e+06,1.11476e+06
2373,6.59512e+06,1.11476e+06
2375,4.50081e+06,1.11476e+06
2370,4.50081e+06,1.63248e+06
2372,1.11096e+06,1.63248e+06
2366,1.11096e+06,969452
2368,1.24823e+06,969452
2370,1.67167e+06,969452
2369,1.67167e+06,7.04839e+06
2371,2.29503e+06,7.04839e+06
2373,31477,7.04839e+06
2371,31477,2.88123e+06
2373,807895,2.88123e+06
2375,801471,2.88123e+06
2375,801471,4.00873e+06
2377,822804,4.00873e+06
2371,822804,1.22986e+06
2373,884413,1.22986e+06
2375,199695,1.22986e+06
2374,199695,913734
2376,3.17873e+06,913734
2376,3.17873e+06,1.06387e+07
2376,3.17873e+06,824742
2378,1.79606e+06,824742
2369,1.79606e+06,1.33743e+06
2371,4.12042e+06,1.33743e+06
2373,1.0732e+07,1.33743e+06
2370,1.0732e+07,2.27137e+06
2370,1.0732e+07,1.40217e+06
2372,3.17481e+06,1.40217e+06
2374,2.44803e+06,1.40217e+06
2376,303268,1.40217e+06
2376,303268,1.25478e+07
2378,722052,1.25478e+07
2378,722052,1.46903e+06
2380,1.47251e+06,1.46903e+06
2378,1.47251e+06,868819
2380,626151,868819
2378,626151,1.08058e+06
2380,594223,1.08058e+06
2380,594223,6.045e+06
2382,5.08908e+06,6.045e+06
2381,5.08908e+06,829376
2383,72054.5,829376
2385,3.53913e+06,829376
2382,3.53913e+06,8.42066e+06
2382,3.53913e+06,3.29213e+06
2384,2.99142e+06,3.29213e+06
2386,1.92857e+06,3.29213e+06
2388,75731.5,3.29213e+06
2385,75731.5,5.14506e+06
2387,9.49275e+06,5.14506e+06
2389,2.95636e+06,5.14506e+06
2388,2.95636e+06,2.04666e+06
2390,879699,2.04666e+06
2386,879699,634276
2386,879699,818182
2386,879699,3.0303e+06
2388,2.63458e+06,3.0303e+06
2388,2.63458e+06,1.58079e+06
2388,2.63458e+06,2.29983e+06
2388,2.63458e+06,2.54348e+06
2390,3.46361e+06,2.54348e+06
2385,3.46361e+06,1.30143e+06
2387,1.30682e+06,1.30143e+06
2387,1.30682e+06,3.33673e+06
2386,1.30682e+06,423301
2388,1.12177e+06,423301
2386,1.12177e+06,6.61714e+07
2388,3.51382e+06,6.61714e+07
2385,3.51382e+06,2.09091e+06
2387,6.63242e+06,2.09091e+06
2385,6.63242e+06,564440
2384,6.63242e+06,1.81263e+06
2386,3.32197e+06,1.81263e+06
2386,3.32197e+06,1.00168e+06
2382,3.32197e+06,792224
2384,770206,792224
2386,401562,792224
2386,401562,1.94957e+06
2388,4.02473e+06,1.94957e+06
2385,4.02473e+06,196035
2385,4.02473e+06,3.84899e+06
2387,160848,3.84899e+06
2389,868787,3.84899e+06
2389,868787,2.40659e+06
2391,801175,2.40659e+06
2391,801175,1.62308e+06
2389,801175,1.63014e+06
2391,2.36622e+06,1.63014e+06
2393,470699,1.63014e+06
2393,470699,1.83258e+06
2393,470699,1.27255e+07
2395,4.19108e+06,1.27255e+07
2391,4.19108e+06,1.02403e+06
2393,694215,1.02403e+06
2395,711686,1.02403e+06
2397,811377,1.02403e+06
2395,811377,3.3589e+07
2393,811377,369301
2395,5.56845e+06,369301
2395,5.56845e+06,6e+07
2388,5.56845e+06,964364
2388,5.56845e+06,231092
2390,7.05606e+06,231092
2387,7.05606e+06,1.4928e+06
2381,7.05606e+06,409155
2383,2.78356e+06,409155
2383,2.78356e+06,7.42739e+06
2382,2.78356e+06,7.19167e+06
2384,1.9784e+06,7.19167e+06
2384,1.9784e+06,960474
2384,1.9784e+06,1.80678e+06
2386,260367,1.80678e+06
2388,932682,1.80678e+06
2384,932682,1.17263e+06
2386,2.51701e+06,1.17263e+06
2388,830243,1.17263e+06
2390,51068.9,1.17263e+06
2386,51068.9,843449
2382,51068.9,473730
2384,2.87743e+06,473730
2386,959507,473730
2380,959507,1.66566e+06
2382,7.38148e+06,1.66566e+06
2382,7.38148e+06,2.92889e+06
2382,7.38148e+06,3.75502e+06
2384,2.10562e+07,3.75502e+06
2378,2.10562e+07,2.7781e+06
2380,1.32419e+07,2.7781e+06
2382,3.8903e+06,2.7781e+06
2384,455882,2.7781e+06
2380,455882,2.01286e+06
2382,1.959e+07,2.01286e+06
2384,543529,2.01286e+06
2383,543529,2.01556e+07
2381,543529,3.84502e+06
2383,1e+06,3.84502e+06
2385,47556.1,3.84502e+06
2387,1.66739e+06,3.84502e+06
2384,1.66739e+06,3.72115e+06
2386,1.28571e+06,3.72115e+06
2388,119593,3.72115e+06
2388,119593,807739
2390,2.69542e+06,807739
2384,2.69542e+06,2.96532e+06
2386,5.23e+06,2.96532e+06
2388,1.03774e+06,2.96532e+06
2386,1.03774e+06,3.21122e+06
2386,1.03774e+06,2.23485e+06
2388,1.27194e+06,2.23485e+06
2390,168385,2.23485e+06
2390,168385,1.74009e+06
2390,168385,5.3125e+06
2392,242735,5.3125e+06
2394,204748,5.3125e+06
2392,204748,1.84222e+06
2394,1.92308e+06,1.84222e+06
2394,1.92308e+06,1.03019e+06
2393,1.92308e+06,2.81039e+07
2395,4.48722e+06,2.81039e+07
2392,4.48722e+06,1.83668e+06
2392,4.48722e+06,1.475e+07
2394,2.63082e+06,1.475e+07
2394,2.63082e+06,1.90874e+06
2394,2.63082e+06,842752
2396,1.32699e+06,842752
2396,1.32699e+06,628440
2398,569444,628440
2400,140691,628440
2399,140691,5.02294e+06
2399,140691,284483
2401,1.37321e+06,284483
2403,983607,284483
2405,26087,284483
2404,26087,6.61679e+06
2403,26087,1.79681e+06
2405,4.48361e+06,1.79681e+06
2405,4.48361e+06,1.29051e+06
2407,1.18389e+06,1.29051e+06
2409,1.47153e+06,1.29051e+06
2406,1.47153e+06,3.73742e+06
2406,1.47153e+06,741379
2405,1.47153e+06,2.03322e+06
2407,1.16122e+06,2.03322e+06
2407,1.16122e+06,4.17561e+06
2409,2.29988e+06,4.17561e+06
2405,2.29988e+06,603924
2407,1.43274e+06,603924
2402,1.43274e+06,1.09915e+06
2404,1.01458e+08,1.09915e+06
2406,2.34713e+06,1.09915e+06
2404,2.34713e+06,2.41261e+07
2404,2.34713e+06,600000
2406,1.88829e+06,600000
2408,1.09736e+06,600000
2405,1.09736e+06,1.68503e+06
2407,2.71229e+06,1.68503e+06
2407,2.71229e+06,1.44974e+06
2409,690909,1.44974e+06
2409,690909,2.3912e+06
2409,690909,3.2783e+06
2409,690909,9.48438e+06
2411,2.07069e+06,9.48438e+06
2408,2.07069e+06,2.2056e+06
2410,823982,2.2056e+06
2412,2.46667e+06,2.2056e+06
2412,2.46667e+06,473310
2411,2.46667e+06,473804
2411,2.46667e+06,1.20513e+06
2409,2.46667e+06,652295
2411,1.91702e+06,652295
2410,1.91702e+06,2.17945e+06
2412,252555,2.17945e+06
2412,252555,4.27465e+06
2414,367606,4.27465e+06
2416,440000,4.27465e+06
2416,440000,160326
2418,1.36007e+06,160326
2420,294372,160326
2420,294372,5.69545e+06
2420,294372,1.43515e+06
2422,824478,1.43515e+06
2418,824478,2.49556e+06
2420,2.03024e+06,2.49556e+06
2415,2.03024e+06,633213
2415,2.03024e+06,4.42403e+06
2417,6.6548e+06,4.42403e+06
2417,6.6548e+06,1.15741e+07
2417,6.6548e+06,1.37714e+07
2419,360030,1.37714e+07
2416,360030,542813
2418,2.57517e+06,542813
2418,2.57517e+06,6.35659e+06
2420,392465,6.35659e+06
2417,392465,1.364e+06
2419,1.66985e+06,1.364e+06
2421,2.26674e+06,1.364e+06
2416,2.26674e+06,1.32126e+06
2418,254302,1.32126e+06
2420,502268,1.32126e+06
2422,1.75652e+06,1.32126e+06
2424,762218,1.32126e+06
2419,762218,1.08321e+06
2421,1.15e+07,1.08321e+06
2421,1.15e+07,2.31837e+07
2423,1.88504e+06,2.31837e+07
2420,1.88504e+06,441077
2420,1.88504e+06,2.02672e+06
2417,1.88504e+06,2.42637e+06
2419,7.91459e+06,2.42637e+06
2418,7.91459e+06,6.85263e+06
2420,2.05446e+06,6.85263e+06
2422,1.14266e+06,6.85263e+06
2422,1.14266e+06,1.042e+08
2424,915309,1.042e+08
2426,1.28722e+06,1.042e+08
2424,1.28722e+06,905028
2426,1.95455e+07,905028
2424,1.95455e+07,747285
2426,493627,747285
2428,1.55791e+06,747285
2427,1.55791e+06,143541
2427,1.55791e+06,7.33047e+06
2429,2.31478e+06,7.33047e+06
2431,147573,7.33047e+06
2433,1.19493e+06,7.33047e+06
2424,1.19493e+06,1.30877e+06
2426,1.47647e+07,1.30877e+06
2425,1.47647e+07,546210
2427,2.43713e+06,546210
2429,474929,546210
2423,474929,534872
2423,474929,4.04348e+06
2425,7.97826e+06,4.04348e+06
2422,7.97826e+06,1.34341e+06
2420,7.97826e+06,1.08772e+06
2422,4.21325e+06,1.08772e+06
2417,4.21325e+06,903690
2419,3.23014e+07,903690
2418,3.23014e+07,3.04348e+06
2420,1.05176e+06,3.04348e+06
2418,1.05176e+06,888510
2417,1.05176e+06,425301
2419,951078,425301
2418,951078,421846
2418,951078,312155
2418,951078,2.17465e+07
2420,1.77264e+06,2.17465e+07
2418,1.77264e+06,66840.3
2415,1.77264e+06,1.16957e+06
2417,2.19159e+06,1.16957e+06
2417,2.19159e+06,382775
2416,2.19159e+06,428835
2415,2.19159e+06,2.50358e+06
2417,5.9501e+06,2.50358e+06
2415,5.9501e+06,5.35268e+06
2415,5.9501e+06,3.10759e+06
2417,2.06717e+06,3.10759e+06
2416,2.06717e+06,2.4368e+06
2418,3.94275e+06,2.4368e+06
2417,3.94275e+06,2.64574e+06
2419,1.12679e+06,2.64574e+06
2421,1.03853e+06,2.64574e+06
2423,54088.1,2.64574e+06
2423,54088.1,1.00998e+06
2423,54088.1,581784
2425,460695,581784
2427,1.53161e+06,581784
2429,100182,581784
2428,100182,6.0442e+06
2427,100182,783333
2427,100182,988034
2429,3.54646e+06,988034
2429,3.54646e+06,1.69014e+06
2429,3.54646e+06,1.53696e+07
2431,2.752e+06,1.53696e+07
2430,2.752e+06,3.18531e+06
2422,2.752e+06,789833
2418,2.752e+06,1.57311e+06
2420,4.0894e+06,1.57311e+06
2419,4.0894e+06,3.28627e+06
2421,489607,3.28627e+06
2423,3.83333e+06,3.28627e+06
2422,3.83333e+06,3.60625e+06
2424,4.26768e+06,3.60625e+06
2418,4.26768e+06,829050
2420,2.56761e+06,829050
2417,2.56761e+06,1.70043e+06
2419,5.78727e+07,1.70043e+06
2413,5.78727e+07,1.67058e+06
2415,1.04253e+06,1.67058e+06
2414,1.04253e+06,863176
2416,3.00839e+06,863176
2411,3.00839e+06,316027
2411,3.00839e+06,3.06699e+06
2407,3.00839e+06,708130
2409,1.55493e+07,708130
2409,1.55493e+07,1.18917e+07
2411,1.8053e+06,1.18917e+07
2409,1.8053e+06,566766
2406,1.8053e+06,2.98285e+06
2408,2.46154e+07,2.98285e+06
2410,229268,2.98285e+06
2410,229268,2.07782e+06
2412,1.2023e+06,2.07782e+06
2407,1.2023e+06,1.11018e+06
2409,9.66304e+06,1.11018e+06
2411,2.21131e+06,1.11018e+06
2406,2.21131e+06,636174
2406,2.21131e+06,5.86e+06
2404,2.21131e+06,3.89545e+07
2406,4.91324e+06,3.89545e+07
2408,2.4878e+06,3.89545e+07
2403,2.4878e+06,779079
2403,2.4878e+06,338028
2405,2.81063e+06,338028
2404,2.81063e+06,2.12195e+06
2404,2.81063e+06,460317
2406,1.869e+06,460317
2406,1.869e+06,72916.7
2408,166168,72916.7
2408,166168,1.72578e+06
2410,983791,1.72578e+06
2407,983791,1.47869e+06
2409,1.44023e+06,1.47869e+06
2409,1.44023e+06,4.69202e+06
2408,1.44023e+06,1.51247e+06
2410,7.94575e+06,1.51247e+06
2402,7.94575e+06,1.38642e+06
2404,1.30633e+06,1.38642e+06
2406,2.10112e+06,1.38642e+06
2402,2.10112e+06,839559
2404,797297,839559
2406,587145,839559
2408,834635,839559
2410,160398,839559
2410,160398,2.50218e+06
2405,160398,1.68655e+06
2407,2.83871e+06,1.68655e+06
2409,2.20669e+06,1.68655e+06
2409,2.20669e+06,1.27793e+07
2411,331715,1.27793e+07
2413,1.53899e+06,1.27793e+07
2411,1.53899e+06,5.64017e+06
2413,1.75269e+06,5.64017e+06
2407,1.75269e+06,798455
2407,1.75269e+06,1.49398e+06
2409,3.69815e+06,1.49398e+06
2409,3.69815e+06,1.23846e+07
2409,3.69815e+06,436693
2409,3.69815e+06,2.54301e+06
2411,2.26349e+06,2.54301e+06
2411,2.26349e+06,872727
2411,2.26349e+06,3.083e+06
2413,946162,3.083e+06
2413,946162,1.51364e+06
2410,946162,1.83673e+07
2410,946162,1.48936e+07
2412,3.61667e+07,1.48936e+07
2411,3.61667e+07,1.5e+06
2413,1.87856e+06,1.5e+06
2411,1.87856e+06,1.38151e+06
2406,1.87856e+06,349191
2406,1.87856e+06,886435
2408,1.61461e+06,886435
2408,1.61461e+06,3.05159e+06
2406,1.61461e+06,1.13778e+08
2408,1.84815e+07,1.13778e+08
2408,1.84815e+07,5.44444e+06
2410,1.68199e+06,5.44444e+06
2412,586873,5.44444e+06
2403,586873,969531
2405,1.12303e+06,969531
2407,712195,969531
2407,712195,1.01937e+06
2403,712195,1.48061e+06
2405,1.58294e+06,1.48061e+06
2404,1.58294e+06,1.91061e+06
2406,846053,1.91061e+06
2408,1.94126e+06,1.91061e+06
2405,1.94126e+06,4.63576e+06
2407,1.72874e+07,4.63576e+06
2404,1.72874e+07,1.08176e+06
2397,1.72874e+07,819591
2399,1.16231e+07,819591
2398,1.16231e+07,6.97581e+06
2400,4.82163e+06,6.97581e+06
2402,466990,6.97581e+06
2400,466990,1.53857e+08
2399,466990,1.97053e+06
2401,1.41417e+06,1.97053e+06
2403,2.46758e+06,1.97053e+06
2397,2.46758e+06,2.55929e+06
2399,2.13214e+07,2.55929e+06
2398,2.13214e+07,5.6756e+06
2400,522968,5.6756e+06
2402,1.22621e+06,5.6756e+06
2404,1.15777e+06,5.6756e+06
2402,1.15777e+06,1.73861e+06
2401,1.15777e+06,1.12762e+06
2403,1.0132e+06,1.12762e+06
2400,1.0132e+06,608376
2402,2.72062e+06,608376
2397,2.72062e+06,1.86485e+06
2399,7.97156e+06,1.86485e+06
2401,938429,1.86485e+06
2403,574240,1.86485e+06
2397,574240,481324
2399,2.61205e+06,481324
2397,2.61205e+06,980575
2399,2.22208e+06,980575
2401,297183,980575
2400,297183,3.43463e+06
2400,297183,6.79577e+06
2402,1.60274e+06,6.79577e+06
2393,1.60274e+06,900045
2395,1.82042e+06,900045
2397,537919,900045
2394,537919,4.15865e+06
2396,2.28306e+06,4.15865e+06
2390,2.28306e+06,1.77621e+06
2392,1.79254e+07,1.77621e+06
2394,1.29084e+06,1.77621e+06
2396,404651,1.77621e+06
2398,1.06172e+06,1.77621e+06
2398,1.06172e+06,865385
2400,1.79357e+06,865385
2395,1.79357e+06,1.42217e+06
2397,1.26772e+06,1.42217e+06
2399,1.25161e+06,1.42217e+06
2397,1.25161e+06,1.65535e+07
2399,1.68919e+06,1.65535e+07
2398,1.68919e+06,349328
2398,1.68919e+06,5.5e+07
2400,3.57819e+06,5.5e+07
2402,97759.7,5.5e+07
2404,1.48576e+06,5.5e+07
2401,1.48576e+06,2.03628e+06
2403,1.88912e+06,2.03628e+06
2403,1.88912e+06,3.28421e+07
2405,415094,3.28421e+07
2405,415094,304821
2407,891933,304821
2402,891933,752332
2404,3.01401e+06,752332
2404,3.01401e+06,212644
2394,3.01401e+06,529830
2396,1.63793e+06,529830
2390,1.63793e+06,928454
2392,4.05312e+07,928454
2390,4.05312e+07,768494
2390,4.05312e+07,2.00833e+06
2390,4.05312e+07,221256
2392,297661,221256
2394,1.86426e+06,221256
2394,1.86426e+06,2.44727e+06
2394,1.86426e+06,1.18361e+06
2396,269448,1.18361e+06
2398,797826,1.18361e+06
2400,626253,1.18361e+06
2395,626253,1.0759e+06
2395,626253,125000
2397,781967,125000
2399,764967,125000
2401,38123.2,125000
2401,38123.2,922330
2403,986014,922330
2403,986014,2.2249e+06
2405,1.79724e+06,2.2249e+06
2405,1.79724e+06,2.61131e+06
2407,125316,2.61131e+06
2407,125316,4.30144e+06
2409,422071,4.30144e+06
2409,422071,678100
2411,2.96449e+06,678100
2408,2.96449e+06,7.01515e+06
2408,2.96449e+06,13745.7
2410,3.04784e+06,13745.7
2409,3.04784e+06,1.05396e+07
2411,659871,1.05396e+07
2411,659871,117860
2409,659871,1.12903e+06
2411,8.46023e+06,1.12903e+06
2410,8.46023e+06,519590
2410,8.46023e+06,5.5768e+06
2412,2.01013e+06,5.5768e+06
2411,2.01013e+06,8.73446e+06
2413,2.21463e+06,8.73446e+06
2410,2.21463e+06,4.37691e+06
2412,4.73904e+06,4.37691e+06
2405,4.73904e+06,1.24884e+06
2407,2.22656e+06,1.24884e+06
2409,300912,1.24884e+06
2411,552826,1.24884e+06
2408,552826,1.28834e+06
2410,1.35262e+06,1.28834e+06
2410,1.35262e+06,3.8e+06
2410,1.35262e+06,1.54167e+06
2412,3.17658e+06,1.54167e+06
2412,3.17658e+06,1.67917e+06
2413,7.20229e+06,1.67917e+06
2410,7.20229e+06,1.02748e+06
2404,7.20229e+06,1.00833e+06
2406,1.54902e+06,1.00833e+06
2408,1.39232e+06,1.00833e+06
2398,1.39232e+06,1.68936e+06
2400,7.98034e+06,1.68936e+06
2400,7.98034e+06,909091
2400,7.98034e+06,193416
2402,1.35455e+06,193416
2404,5.74771e+06,193416
2400,5.74771e+06,2.60811e+06
2395,5.74771e+06,3.46022e+06
2397,2.78889e+06,3.46022e+06
2399,1.02e+07,3.46022e+06
2395,1.02e+07,1.07095e+06
2395,1.02e+07,180851
2397,1.71394e+06,180851
2399,888.099,180851
2399,888.099,8.53704e+06
2401,561151,8.53704e+06
2401,561151,1.43516e+06
2403,2.45812e+06,1.43516e+06
2403,2.45812e+06,1.03182e+07
2402,2.45812e+06,481732
2404,193076,481732
2406,2.04647e+06,481732
2408,311359,481732
2410,1.58979e+06,481732
2404,1.58979e+06,921881
2404,1.58979e+06,170732
2406,971505,170732
2404,971505,829666
2406,1.67669e+06,829666
2398,1.67669e+06,850881
2400,1.15812e+07,850881
2397,1.15812e+07,833935
2399,2.05163e+06,833935
2393,2.05163e+06,1.41935e+06
2393,2.05163e+06,3.02778e+06
2395,6.2116e+06,3.02778e+06
2397,1.86157e+06,3.02778e+06
2397,1.86157e+06,7.64465e+06
2399,4.88258e+06,7.64465e+06
2399,4.88258e+06,529412
2394,4.88258e+06,1.00129e+06
2396,8.8973e+06,1.00129e+06
2396,8.8973e+06,1.05104e+06
2396,8.8973e+06,2.77736e+07
2396,8.8973e+06,2.49725e+06
2398,621469,2.49725e+06
2400,1.21254e+06,2.49725e+06
2396,1.21254e+06,874140
2396,1.21254e+06,1.04167e+06
2396,1.21254e+06,3.69065e+06
2398,3.53919e+06,3.69065e+06
2400,454094,3.69065e+06
2400,454094,500000
2400,454094,448560
2402,1.50531e+06,448560
2400,1.50531e+06,2.01667e+06
2402,323392,2.01667e+06
2402,323392,4.08537e+06
2404,2.03755e+06,4.08537e+06
2406,1.21252e+06,4.08537e+06
2396,1.21252e+06,960105
2398,3.09829e+06,960105
2398,3.09829e+06,4.64783e+07
2400,4.51852e+06,4.64783e+07
2402,150115,4.64783e+07
2398,150115,1.08845e+06
2400,1.98853e+06,1.08845e+06
2402,2.68344e+06,1.08845e+06
2401,2.68344e+06,1.98054e+06
2403,164319,1.98054e+06
2402,164319,1.2062e+07
2404,1.75e+06,1.2062e+07
2404,1.75e+06,2.30576e+06
2404,1.75e+06,588710
2404,1.75e+06,140927
2406,972808,140927
2401,972808,976840
2403,3.9084e+06,976840
2405,115607,976840
2407,4.69606e+06,976840
2403,4.69606e+06,1.75456e+06
2405,158508,1.75456e+06
2407,2.13839e+06,1.75456e+06
2407,2.13839e+06,8.76e+06
2407,2.13839e+06,549645
2409,769165,549645
2403,769165,1.07469e+06
2405,6.31818e+07,1.07469e+06
2405,6.31818e+07,1.42857e+07
2407,829185,1.42857e+07
2407,829185,189873
2409,643296,189873
2408,643296,977935
2410,3.55961e+06,977935
2412,394366,977935
2410,394366,333617
2408,394366,882069
2410,694215,882069
2410,694215,784933
2412,457831,784933
2414,275980,784933
2416,662047,784933
2415,662047,1.5e+06
2417,114642,1.5e+06
2419,2.16729e+06,1.5e+06
2419,2.16729e+06,3.32975e+06
2419,2.16729e+06,719258
2418,2.16729e+06,1.08856e+06
2420,1.27524e+06,1.08856e+06
2417,1.27524e+06,550536
2417,1.27524e+06,57142.9
2417,1.27524e+06,4.7037e+06
2419,520231,4.7037e+06
2421,1.97745e+06,4.7037e+06
2420,1.97745e+06,1.15661e+07
2422,835329,1.15661e+07
2421,835329,750248
2423,1.50812e+06,750248
2425,335784,750248
2425,335784,123431
2425,335784,776350
2425,335784,289286
2427,1.1854e+06,289286
2423,1.1854e+06,1.24086e+06
2425,6.50262e+06,1.24086e+06
2425,6.50262e+06,825328
2427,260870,825328
2429,1.85653e+06,825328
2428,1.85653e+06,1.61568e+06
2430,459336,1.61568e+06
2432,1.99554e+06,1.61568e+06
2432,1.99554e+06,769752
2424,1.99554e+06,732590
2426,8.29707e+06,732590
2425,8.29707e+06,787234
2425,8.29707e+06,5.45283e+06
2427,1.88599e+06,5.45283e+06
2429,1.87228e+06,5.45283e+06
2428,1.87228e+06,2.36038e+06
2430,2.5274e+06,2.36038e+06
2427,2.5274e+06,1.92379e+06
2429,6.245e+07,1.92379e+06
2429,6.245e+07,2.38462e+06
2422,6.245e+07,977483
2420,6.245e+07,705118
2422,2.60432e+06,705118
2422,2.60432e+06,1.0602e+06
2424,522667,1.0602e+06
2424,522667,324219
2426,708571,324219
2426,708571,484536
2425,708571,573980
2427,1.03887e+06,573980
2429,607519,573980
2429,607519,3.20833e+06
2431,504808,3.20833e+06
2429,504808,1.21485e+07
2431,919847,1.21485e+07
2433,1.11913e+06,1.21485e+07
2433,1.11913e+06,1.75896e+06
2433,1.11913e+06,366379
2435,2.21571e+06,366379
2435,2.21571e+06,1.1198e+06
2435,2.21571e+06,1.85072e+07
2437,1.1164e+06,1.85072e+07
2436,1.1164e+06,422939
2438,847139,422939
2440,2.3686e+06,422939
2435,2.3686e+06,397774
2437,3.94194e+06,397774
2437,3.94194e+06,6.58333e+06
2439,98395.7,6.58333e+06
2438,98395.7,903458
2440,219543,903458
2442,1.47564e+06,903458
2441,1.47564e+06,1.28998e+06
2443,932773,1.28998e+06
2443,932773,476923
2445,140741,476923
2447,981510,476923
2442,981510,645331
2444,5.9589e+06,645331
2446,4.2153e+06,645331
2441,4.2153e+06,946411
2443,3.44909e+06,946411
2445,218241,946411
2439,218241,1.41414e+06
2441,2.62051e+06,1.41414e+06
2441,2.62051e+06,756757
2443,574953,756757
2445,6.39644e+06,756757
2439,6.39644e+06,2.9811e+06
2441,1.64923e+07,2.9811e+06
2439,1.64923e+07,3.09184e+06
2441,1.53023e+07,3.09184e+06
2440,1.53023e+07,438453
2440,1.53023e+07,1.32041e+07
2439,1.53023e+07,4.42807e+06
2441,2.18072e+06,4.42807e+06
2443,635857,4.42807e+06
2442,635857,555128
2442,635857,570323
2444,257443,570323
2444,257443,3.84e+06
2444,257443,257660
2446,1.10158e+06,257660
2445,1.10158e+06,2.4725e+07
2447,2.31015e+06,2.4725e+07
2449,192157,2.4725e+07
2451,1.67847e+06,2.4725e+07
2451,1.67847e+06,945833
2446,1.67847e+06,2.33988e+06
2448,4.2463e+06,2.33988e+06
2446,4.2463e+06,898695
2448,272494,898695
2450,3.00778e+06,898695
2443,3.00778e+06,1.59637e+06
2445,3.25375e+07,1.59637e+06
2444,3.25375e+07,1.54977e+06
2446,1.74174e+06,1.54977e+06
2442,1.74174e+06,1.06927e+06
2444,2.09162e+06,1.06927e+06
2444,2.09162e+06,2.36502e+06
2446,1.3264e+06,2.36502e+06
2446,1.3264e+06,463822
2445,1.3264e+06,1.75263e+07
2447,3.69184e+06,1.75263e+07
2447,3.69184e+06,8.31081e+06
2447,3.69184e+06,917647
2449,566016,917647
2451,987414,917647
2449,987414,1.36322e+07
2451,2.97567e+06,1.36322e+07
2450,2.97567e+06,374396
2447,2.97567e+06,3.13264e+06
2449,4.98459e+06,3.13264e+06
2451,888707,3.13264e+06
2450,888707,2.41472e+06
2448,888707,568037
2449,146341,568037
2447,146341,2.11074e+06
2449,1.13432e+06,2.11074e+06
2444,1.13432e+06,1.06547e+06
2446,7.5638e+06,1.06547e+06
2443,7.5638e+06,958594
2445,3.50714e+07,958594
2442,3.50714e+07,918265
2440,3.50714e+07,2.94249e+06
2442,987179,2.94249e+06
2444,1.63262e+06,2.94249e+06
2441,1.63262e+06,719887
2443,1.8236e+06,719887
2439,1.8236e+06,985714
2441,331118,985714
2443,264637,985714
2445,663178,985714
2447,427489,985714
2444,427489,2.06461e+06
2443,427489,1.09037e+06
2445,1.40233e+06,1.09037e+06
2447,892265,1.09037e+06
2447,892265,288136
2439,892265,980078
2441,9.36649e+06,980078
2443,3.7661e+06,980078
2445,1.54717e+06,980078
2440,1.54717e+06,608410
2439,1.54717e+06,2.33871e+07
2441,3.97959e+06,2.33871e+07
2437,3.97959e+06,260012
2439,113402,260012
2439,113402,2.28571e+06
2439,113402,995305
2441,45517.2,995305
2441,45517.2,582781
2441,45517.2,1.58052e+06
2443,121298,1.58052e+06
2445,547401,1.58052e+06
2447,1.01272e+06,1.58052e+06
2444,1.01272e+06,1.2435e+07
2446,661364,1.2435e+07
2448,985880,1.2435e+07
2450,2.24736e+06,1.2435e+07
2443,2.24736e+06,1.17453e+06
2445,5.32512e+06,1.17453e+06
2447,1.38342e+06,1.17453e+06
2446,1.38342e+06,1.13103e+07
2448,1.14054e+06,1.13103e+07
2450,2.17585e+06,1.13103e+07
2449,2.17585e+06,8.50331e+06
2449,2.17585e+06,2.72727e+06
2451,8.82699e+06,2.72727e+06
2448,8.82699e+06,818404
2448,8.82699e+06,1.00852e+07
2450,3.60692e+06,1.00852e+07
2450,3.60692e+06,278539
2452,345711,278539
2454,274268,278539
2452,274268,2.62e+07
2454,4.31826e+06,2.62e+07
2449,4.31826e+06,1.59388e+06
2451,1.43656e+06,1.59388e+06
2451,1.43656e+06,5.9798e+06
2451,1.43656e+06,215054
2453,746835,215054
2455,2.19552e+06,215054
2453,2.19552e+06,1.29709e+06
2451,2.19552e+06,1.20889e+06
2453,1.12802e+07,1.20889e+06
2445,1.12802e+07,1.1541e+06
2447,304158,1.1541e+06
2449,3e+06,1.1541e+06
2447,3e+06,2.67503e+06
2447,3e+06,743028
2449,2.20264e+06,743028
2445,2.20264e+06,1.15877e+06
2444,2.20264e+06,2.163e+06
2446,2.63885e+06,2.163e+06
2448,180488,2.163e+06
2447,180488,8.23711e+06
2449,9719.22,8.23711e+06
2447,9719.22,7.33094e+06
2449,1.67361e+07,7.33094e+06
2449,1.67361e+07,439815
2448,1.67361e+07,4.53476e+06
2450,702041,4.53476e+06
2450,702041,1.14286e+06
2452,354383,1.14286e+06
2452,354383,130909
2454,764762,130909
2454,764762,3.47826e+06
2456,1.13647e+06,3.47826e+06
2451,1.13647e+06,1.11431e+06
2453,4.54e+07,1.11431e+06
2453,4.54e+07,2.69802e+06
2453,4.54e+07,846154
2455,657371,846154
2457,933573,846154
2457,933573,7.8538e+06
2459,1.08707e+06,7.8538e+06
2456,1.08707e+06,2.06973e+06
2458,2.47213e+06,2.06973e+06
2460,1.04878e+06,2.06973e+06
2462,1.42505e+06,2.06973e+06
2456,1.42505e+06,783826
2458,2.61431e+06,783826
2458,2.61431e+06,2.39474e+07
2460,336653,2.39474e+07
2460,336653,3.44195e+06
2460,336653,1.66995e+06
2462,1.87942e+06,1.66995e+06
2464,354188,1.66995e+06
2466,761763,1.66995e+06
2457,761763,1.15154e+06
2459,1.81179e+06,1.15154e+06
2458,1.81179e+06,2.64141e+06
2460,388235,2.64141e+06
2462,1.13038e+06,2.64141e+06
2464,2.69601e+06,2.64141e+06
2455,2.69601e+06,1.6534e+06
2457,1.55635e+07,1.6534e+06
2457,1.55635e+07,3.92035e+06
2457,1.55635e+07,314815
2456,1.55635e+07,1.22182e+07
2458,1.92824e+06,1.22182e+07
2455,1.92824e+06,1.47253e+06
2455,1.92824e+06,2.04167e+06
2457,7.336e+06,2.04167e+06
2459,359277,2.04167e+06
2459,359277,391892
2456,359277,2.17355e+06
2458,7.58364e+06,2.17355e+06
2456,7.58364e+06,3.41823e+06
2458,810878,3.41823e+06
2453,810878,934967
2455,1.77277e+06,934967
2457,6403.42,934967
2456,6403.42,1.11713e+06
2456,6403.42,3.52105e+07
2458,4.75514e+06,3.52105e+07
2456,4.75514e+06,1.01043e+06
2458,2.09851e+06,1.01043e+06
2454,2.09851e+06,5.64135e+06
2456,3.39136e+07,5.64135e+06
2458,54607.5,5.64135e+06
2458,54607.5,851456
2460,545455,851456
2460,545455,1.17202e+07
2462,2.96267e+06,1.17202e+07
2464,66460.6,1.17202e+07
2466,1.25896e+06,1.17202e+07
2466,1.25896e+06,1.34483e+06
2468,223346,1.34483e+06
2467,223346,7.46352e+06
2469,3.54752e+06,7.46352e+06
2469,3.54752e+06,908046
2459,3.54752e+06,1.61617e+06
2461,2.34595e+07,1.61617e+06
2458,2.34595e+07,2.13605e+06
2460,3.37143e+06,2.13605e+06
2455,3.37143e+06,1.01654e+06
2457,4.08651e+06,1.01654e+06
2456,4.08651e+06,774481
2458,588742,774481
2455,588742,412247
2457,677249,412247
2452,677249,2.80568e+06
2454,7.03788e+06,2.80568e+06
2456,770227,2.80568e+06
2458,414414,2.80568e+06
2460,1.07648e+06,2.80568e+06
2460,1.07648e+06,209559
2460,1.07648e+06,393258
2453,1.07648e+06,1.03168e+06
2455,2.47059e+07,1.03168e+06
2457,107646,1.03168e+06
2459,895020,1.03168e+06
2456,895020,779347
2454,895020,561983
2456,516722,561983
2456,516722,972777
2458,312984,972777
2460,2.07303e+06,972777
2459,2.07303e+06,2.06837e+07
2459,2.07303e+06,481905
2461,1.42321e+06,481905
2463,2.74257e+06,481905
2456,2.74257e+06,1.85577e+06
2458,3.3738e+06,1.85577e+06
2460,1.4604e+06,1.85577e+06
2460,1.4604e+06,6.39623e+06
2460,1.4604e+06,1.22927e+07
2462,1.22731e+06,1.22927e+07
2461,1.22731e+06,2.12795e+06
2463,1.3432e+06,2.12795e+06
2463,1.3432e+06,821168
2460,1.3432e+06,2.69456e+06
2462,537396,2.69456e+06
2462,537396,1.45806e+06
2464,1.44824e+06,1.45806e+06
2464,1.44824e+06,6.90541e+06
2466,1.46269e+06,6.90541e+06
2466,1.46269e+06,2.41176e+06
2459,1.46269e+06,304254
2461,1.20242e+06,304254
2461,1.20242e+06,4.71642e+06
2463,1.58653e+06,4.71642e+06
2465,453046,4.71642e+06
2462,453046,3.27945e+06
2464,1.13395e+07,3.27945e+06
2464,1.13395e+07,2.40364e+06
2466,1.90722e+06,2.40364e+06
2466,1.90722e+06,8.26351e+06
2466,1.90722e+06,1.14986e+06
2468,1e+06,1.14986e+06
2470,234694,1.14986e+06
2470,234694,5.46947e+06
2472,3.60979e+06,5.46947e+06
2471,3.60979e+06,353506
2473,1.1469e+06,353506
2473,1.1469e+06,1.99549e+06
2475,405525,1.99549e+06
2463,405525,1.29673e+06
2465,2.28387e+07,1.29673e+06
2462,2.28387e+07,1.68433e+06
2464,1.53272e+06,1.68433e+06
2466,189189,1.68433e+06
2466,189189,690418
2468,2.29212e+06,690418
2468,2.29212e+06,488414
2468,2.29212e+06,381295
2468,2.29212e+06,1.19429e+07
2470,35823.2,1.19429e+07
2472,5.21696e+06,1.19429e+07
2471,5.21696e+06,549774
2464,5.21696e+06,993147
2466,492135,993147
2468,309677,993147
2470,39951.6,993147
2472,1.11892e+06,993147
2472,1.11892e+06,9.95902e+06
2474,528090,9.95902e+06
2476,2.01872e+06,9.95902e+06
2463,2.01872e+06,1.42221e+06
2465,1.17e+07,1.42221e+06
2465,1.17e+07,3.15143e+07
2467,519031,3.15143e+07
2467,519031,643868
2467,519031,339901
2462,519031,1.00694e+06
2464,3.98086e+06,1.00694e+06
2458,3.98086e+06,912183
2455,3.98086e+06,417089
2457,1.33269e+06,417089
2451,1.33269e+06,584305
2451,1.33269e+06,2.23529e+06
2453,4.06122e+07,2.23529e+06
2453,4.06122e+07,2.67722e+06
2455,3.65574e+06,2.67722e+06
2452,3.65574e+06,827439
2454,2.75893e+06,827439
2456,3.21609e+06,827439
2455,3.21609e+06,751452
2454,3.21609e+06,861974
2456,260513,861974
2456,260513,1.52093e+06
2458,1.85451e+06,1.52093e+06
2460,1.02661e+06,1.52093e+06
2462,919685,1.52093e+06
2451,919685,891231
2453,2.54656e+06,891231
2451,2.54656e+06,1.74977e+06
2453,2.01473e+06,1.74977e+06
2455,410769,1.74977e+06
2455,410769,1.7167e+06
2457,2.10939e+06,1.7167e+06
2452,2.10939e+06,714562
2452,2.10939e+06,302105
2454,398236,302105
2454,398236,7.89655e+06
2454,398236,218107
2454,398236,1.45102e+06
2456,1.4013e+06,1.45102e+06
2456,1.4013e+06,1.36337e+07
2458,1.18424e+06,1.36337e+07
2460,600351,1.36337e+07
2460,600351,432692
2459,600351,1.11063e+06
2461,628571,1.11063e+06
2460,628571,3.0061e+06
2462,1.70752e+06,3.0061e+06
2462,1.70752e+06,1.81273e+07
2464,850797,1.81273e+07
2464,850797,412371
2461,850797,835725
2463,3.32929e+06,835725
2465,1.52153e+06,835725
2461,1.52153e+06,1.6433e+06
2463,1.06094e+07,1.6433e+06
2458,1.06094e+07,1.28727e+06
2458,1.06094e+07,1.32045e+07
2460,7.42667e+06,1.32045e+07
2460,7.42667e+06,884701
2458,7.42667e+06,6.52381e+06
2460,1.55807e+06,6.52381e+06
2462,1.16186e+06,6.52381e+06
2462,1.16186e+06,1.41692e+07
2459,1.16186e+06,6.23567e+06
2461,8.34975e+06,6.23567e+06
2463,574618,6.23567e+06
2465,405405,6.23567e+06
2463,405405,447761
2463,405405,975309
2461,405405,1.47036e+06
2463,3.86531e+07,1.47036e+06
2463,3.86531e+07,5.24242e+06
2465,1.93267e+06,5.24242e+06
2464,1.93267e+06,884058
2463,1.93267e+06,129630
2457,1.93267e+06,466003
2459,1.30762e+06,466003
2459,1.30762e+06,705653
2455,1.30762e+06,1.44794e+06
2457,8.81132e+06,1.44794e+06
2457,8.81132e+06,2.65361e+06
2459,70359.3,2.65361e+06
2459,70359.3,1.25095e+06
2461,361472,1.25095e+06
2463,301187,1.25095e+06
2463,301187,155756
2465,2.63472e+06,155756
2464,2.63472e+06,2.63208e+06
2462,2.63472e+06,452297
2464,167800,452297
2464,167800,475113
2466,990672,475113
2464,990672,6.27157e+06
2464,990672,2.30383e+06
2466,256440,2.30383e+06
2468,337050,2.30383e+06
2470,415780,2.30383e+06
2472,920489,2.30383e+06
2465,920489,3.6941e+06
2465,920489,2.72973e+06
2467,4.76333e+07,2.72973e+06
2466,4.76333e+07,1.53333e+06
2465,4.76333e+07,1.80275e+07
2467,2.58391e+06,1.80275e+07
2463,2.58391e+06,1.82612e+06
2465,2.38231e+06,1.82612e+06
2463,2.38231e+06,504587
2465,1.91382e+06,504587
2461,1.91382e+06,701593
2460,1.91382e+06,1.26e+06
2460,1.91382e+06,925926
2462,1.51176e+07,925926
2456,1.51176e+07,4.18241e+06
2458,6.11163e+07,4.18241e+06
2458,6.11163e+07,545455
2458,6.11163e+07,3.66197e+06
2460,1.74677e+06,3.66197e+06
2460,1.74677e+06,5.91892e+06
2462,2.1932e+06,5.91892e+06
2461,2.1932e+06,5.60645e+06
2456,2.1932e+06,640456
2458,2.24211e+07,640456
2460,336000,640456
2462,1.06316e+06,640456
2462,1.06316e+06,41322.3
2459,1.06316e+06,5.32136e+06
2461,1.3935e+07,5.32136e+06
2461,1.3935e+07,2.19429e+07
2457,1.3935e+07,636697
2457,1.3935e+07,138514
2457,1.3935e+07,4.60274e+06
2459,4.67746e+06,4.60274e+06
2453,4.67746e+06,1.20665e+06
2455,625239,1.20665e+06
2455,625239,698324
2457,427737,698324
2459,902022,698324
2459,902022,2.24784e+06
2459,902022,5.41985e+06
2461,914951,5.41985e+06
2463,2.6712e+06,5.41985e+06
2462,2.6712e+06,4.08214e+07
2458,2.6712e+06,3.32335e+06
2460,5.13677e+06,3.32335e+06
2455,5.13677e+06,1.06871e+06
2457,4.04091e+07,1.06871e+06
2453,4.04091e+07,669994
2443,4.04091e+07,341396
2445,723077,341396
2447,1.14286e+06,341396
2447,1.14286e+06,6.26797e+06
2447,1.14286e+06,782857
2449,991667,782857
2449,991667,5.05072e+06
2451,3.06039e+06,5.05072e+06
2446,3.06039e+06,2.69021e+06
2448,1.16875e+08,2.69021e+06
2448,1.16875e+08,6.4486e+06
2447,1.16875e+08,3.7265e+06
2449,3.07294e+06,3.7265e+06
2449,3.07294e+06,9.89933e+06
2451,275391,9.89933e+06
2453,666124,9.89933e+06
2453,666124,5.32673e+06
2455,14860.1,5.32673e+06
2457,1.89843e+06,5.32673e+06
2457,1.89843e+06,501730
2457,1.89843e+06,194969
2459,826504,194969
2461,619689,194969
2458,619689,1.49537e+06
2458,619689,6.27273e+06
2460,1.80422e+06,6.27273e+06
2462,112132,6.27273e+06
2464,2.59916e+06,6.27273e+06
2460,2.59916e+06,441813
2457,2.59916e+06,1.12775e+06
2459,6.27576e+07,1.12775e+06
2452,6.27576e+07,405018
2454,1.13797e+06,405018
2454,1.13797e+06,5.71635e+06
2452,1.13797e+06,3.3183e+06
2454,564159,3.3183e+06
2456,1.38571e+06,3.3183e+06
2453,1.38571e+06,1.20928e+06
2455,173913,1.20928e+06
2457,901550,1.20928e+06
2459,110973,1.20928e+06
2456,110973,1.00806e+06
2458,4.17629e+06,1.00806e+06
2454,4.17629e+06,1.57463e+06
2456,1.61034e+06,1.57463e+06
2456,1.61034e+06,1.30888e+06
2456,1.61034e+06,3.58824e+06
2456,1.61034e+06,215159
2458,109865,215159
2460,2.15556e+06,215159
2458,2.15556e+06,1.76493e+06
2460,4.40741e+07,1.76493e+06
2460,4.40741e+07,466292
2460,4.40741e+07,1.42241e+06
2460,4.40741e+07,3.1028e+06
2462,1.47023e+06,3.1028e+06
2464,1.52978e+06,3.1028e+06
2460,1.52978e+06,2.89794e+06
2462,2.45301e+06,2.89794e+06
2455,2.45301e+06,636919
2455,2.45301e+06,4.16043e+06
2455,2.45301e+06,1.48718e+06
2457,645768,1.48718e+06
2459,1.47671e+06,1.48718e+06
2459,1.47671e+06,2.87083e+07
2461,943064,2.87083e+07
2463,322826,2.87083e+07
2465,375306,2.87083e+07
2458,375306,1.06838e+06
2460,1.18304e+07,1.06838e+06
2458,1.18304e+07,708440
2460,1.63707e+06,708440
2462,1.12883e+06,708440
2457,1.12883e+06,831180
2459,1.6689e+06,831180
2455,1.6689e+06,1.08406e+08
2457,4.2268e+07,1.08406e+08
2455,4.2268e+07,6.2619e+06
2455,4.2268e+07,1.07407e+06
2452,4.2268e+07,676991
2454,2.97423e+06,676991
2456,57192.4,676991
2455,57192.4,111810
2457,429336,111810
2459,1.34661e+06,111810
2459,1.34661e+06,1.15696e+07
2459,1.34661e+06,1.97255e+06
2461,1.20737e+06,1.97255e+06
2461,1.20737e+06,301282
2455,1.20737e+06,508486
2457,5.56222e+06,508486
2450,5.56222e+06,2.5961e+06
2452,1.40272e+07,2.5961e+06
2448,1.40272e+07,2.34528e+06
2450,1.14762e+07,2.34528e+06
2449,1.14762e+07,1.33958e+06
2449,1.14762e+07,1.04244e+06
2451,3.02232e+06,1.04244e+06
2453,1.42105e+06,1.04244e+06
2448,1.42105e+06,960080
2450,1.60883e+06,960080
2444,1.60883e+06,537077
2446,1.54568e+06,537077
2443,1.54568e+06,291903
2445,7.6e+06,291903
2437,7.6e+06,1.20858e+06
2439,1.69091e+06,1.20858e+06
2438,1.69091e+06,2.46154e+06
2438,1.69091e+06,2.28269e+06
2440,4.68476e+06,2.28269e+06
2437,4.68476e+06,1.09464e+06
2439,1.37826e+07,1.09464e+06
2433,1.37826e+07,768142
2431,1.37826e+07,792381
2433,4.24865e+06,792381
2435,833016,792381
2435,833016,9.80925e+06
2435,833016,226601
2435,833016,4.03846e+06
2437,4.55959e+06,4.03846e+06
2432,4.55959e+06,3.46277e+06
2434,1.84943e+06,3.46277e+06
2432,1.84943e+06,1.33017e+06
2432,1.84943e+06,710280
2434,4.84424e+06,710280
2431,4.84424e+06,1.53766e+06
2431,4.84424e+06,500000
2430,4.84424e+06,2.88824e+06
2432,3.48915e+06,2.88824e+06
2431,3.48915e+06,1.88123e+06
2433,3.0148e+06,1.88123e+06
2435,752294,1.88123e+06
2435,752294,1.50996e+06
2435,752294,2.23636e+07
2437,234100,2.23636e+07
2437,234100,3.66612e+06
2439,2.86043e+06,3.66612e+06
2437,2.86043e+06,2.09719e+06
2439,2.91253e+06,2.09719e+06
2437,2.91253e+06,3.52022e+06
2437,2.91253e+06,1.82462e+06
2439,3.25109e+06,1.82462e+06
2441,261622,1.82462e+06
2441,261622,3.53929e+06
2443,113343,3.53929e+06
2443,113343,4.08898e+06
2445,792553,4.08898e+06
2445,792553,624460
2443,792553,739756
2445,845291,739756
2447,1.24537e+06,739756
2446,1.24537e+06,1.3424e+06
2448,1.09877e+06,1.3424e+06
2446,1.09877e+06,853395
2448,2.34389e+06,853395
2448,2.34389e+06,9.96403e+06
2450,881818,9.96403e+06
2452,2.35623e+06,9.96403e+06
2451,2.35623e+06,2.1798e+06
2453,2.59335e+06,2.1798e+06
2448,2.59335e+06,1.32889e+06
2450,6.075e+06,1.32889e+06
2450,6.075e+06,2.625e+06
2452,4.69939e+06,2.625e+06
2452,4.69939e+06,1.62338e+07
2454,304258,1.62338e+07
2456,558341,1.62338e+07
2458,7092.2,1.62338e+07
2458,7092.2,1.54628e+07
2460,95634.1,1.54628e+07
2460,95634.1,259341
2462,1.16042e+06,259341
2462,1.16042e+06,1.59535e+07
2462,1.16042e+06,291667
2464,1.42447e+06,291667
2463,1.42447e+06,2.88235e+06
2465,2.97514e+06,2.88235e+06
2465,2.97514e+06,5.12381e+06
2467,491587,5.12381e+06
2469,366186,5.12381e+06
2465,366186,1.94543e+06
2467,8.94776e+06,1.94543e+06
2463,8.94776e+06,1.47413e+06
2465,2.50473e+06,1.47413e+06
2467,474757,1.47413e+06
2462,474757,669690
2464,1.60698e+06,669690
2466,553474,669690
2468,139028,669690
2462,139028,880017
2464,719875,880017
2464,719875,4.15306e+06
2464,719875,242215
2466,3.03327e+06,242215
2466,3.03327e+06,692432
2460,3.03327e+06,460304
2462,99229.3,460304
2461,99229.3,3.75938e+06
2463,1.07398e+06,3.75938e+06
2463,1.07398e+06,8.075e+06
2465,1.60984e+06,8.075e+06
2467,1.72727e+06,8.075e+06
2469,306122,8.075e+06
2464,306122,3.11058e+07
2466,1.63828e+07,3.11058e+07
2465,1.63828e+07,1.57955e+06
2467,3.17895e+07,1.57955e+06
2465,3.17895e+07,3.46746e+06
2467,9.035e+06,3.46746e+06
2469,357704,3.46746e+06
2462,357704,577170
2464,3.84615e+06,577170
2466,576471,577170
2468,1.69796e+06,577170
2468,1.69796e+06,34090.9
2461,1.69796e+06,734792
2463,5.81765e+07,734792
2465,806180,734792
2467,1.83333e+06,734792
2457,1.83333e+06,630685
2459,913592,630685
2459,913592,1.03427e+06
2461,1.17207e+06,1.03427e+06
2461,1.17207e+06,1.30282e+06
2461,1.17207e+06,3.46528e+06
2463,399643,3.46528e+06
2462,399643,543590
2464,134931,543590
2464,134931,2.18243e+06
2466,1.10323e+06,2.18243e+06
2464,1.10323e+06,366801
2463,1.10323e+06,607634
2465,861570,607634
2467,1.08318e+06,607634
2461,1.08318e+06,1.69205e+06
2463,2.88917e+06,1.69205e+06
2465,2.26667e+06,1.69205e+06
2465,2.26667e+06,125483
2467,386568,125483
2466,386568,1.15053e+06
2468,1.62996e+06,1.15053e+06
2467,1.62996e+06,4.03374e+06
2467,1.62996e+06,1.67073e+06
2467,1.62996e+06,1.28395e+06
2469,506434,1.28395e+06
2466,506434,1.27571e+06
2468,2.99005e+06,1.27571e+06
2468,2.99005e+06,445055
2470,1.04848e+06,445055
2472,95319.1,445055
2472,95319.1,537604
2472,95319.1,4.20588e+07
2474,1.00936e+06,4.20588e+07
2476,539759,4.20588e+07
2472,539759,642365
2472,539759,1.73047e+06
2474,2.18519e+06,1.73047e+06
2476,1.53157e+06,1.73047e+06
2466,1.53157e+06,701946
2468,2.65932e+06,701946
2468,2.65932e+06,1.58416e+06
2470,973510,1.58416e+06
2470,973510,3.32812e+06
2472,1.73973e+06,3.32812e+06
2474,227273,3.32812e+06
2469,227273,1.35653e+06
2471,2.58163e+07,1.35653e+06
2471,2.58163e+07,2.1697e+06
2473,2.03603e+06,2.1697e+06
2473,2.03603e+06,2.88318e+06
2473,2.03603e+06,281174
2470,2.03603e+06,1.35869e+06
2470,2.03603e+06,150183
2472,1.16499e+06,150183
2474,728177,150183
2474,728177,2.23529e+06
2472,728177,1.10398e+06
2474,1.33581e+07,1.10398e+06
2472,1.33581e+07,570255
2472,1.33581e+07,1.20961e+06
2474,1.11873e+06,1.20961e+06
2471,1.11873e+06,2.10669e+06
2471,1.11873e+06,2.02778e+06
2473,4.70427e+06,2.02778e+06
2467,4.70427e+06,574538
2467,4.70427e+06,782895
2469,4.21078e+06,782895
2465,4.21078e+06,1.07415e+06
2462,4.21078e+06,910725
2464,1.3125e+06,910725
2456,1.3125e+06,334887
2458,1.98671e+06,334887
2460,283401,334887
2459,283401,2.48797e+06
2461,2.27242e+06,2.48797e+06
2461,2.27242e+06,6.21111e+06
2463,655012,6.21111e+06
2462,655012,1.20273e+06
2462,655012,103846
2464,1.47619e+06,103846
2463,1.47619e+06,1.0298e+06
2465,185581,1.0298e+06
2463,185581,1.15476e+07
2465,7.5e+06,1.15476e+07
2467,560071,1.15476e+07
2469,2.07034e+06,1.15476e+07
2457,2.07034e+06,954505
2459,1.85586e+07,954505
2459,1.85586e+07,8.74863e+06
2461,518021,8.74863e+06
2463,938224,8.74863e+06
2459,938224,686942
2461,2.49682e+06,686942
2460,2.49682e+06,958787
2458,2.49682e+06,1.00576e+07
2460,3.40716e+06,1.00576e+07
2450,3.40716e+06,1.40186e+06
2452,1.02613e+07,1.40186e+06
2450,1.02613e+07,2.1001e+06
2452,3.8723e+06,2.1001e+06
2448,3.8723e+06,1.60731e+06
2450,5.05725e+06,1.60731e+06
2440,5.05725e+06,563611
2442,263953,563611
2442,263953,3.58974e+06
2442,263953,772500
2444,2.44618e+06,772500
2440,2.44618e+06,1.57432e+06
2442,6.39333e+06,1.57432e+06
2442,6.39333e+06,1.3566e+06
2444,1.82842e+06,1.3566e+06
2441,1.82842e+06,385340
2443,176856,385340
2442,176856,554348
2444,1.79545e+06,554348
2442,1.79545e+06,425296
2439,1.79545e+06,671819
2438,1.79545e+06,834697
2440,1.06214e+07,834697
2442,223972,834697
2436,223972,1.17794e+06
2438,3.01085e+06,1.17794e+06
2438,3.01085e+06,434164
2440,1.28149e+06,434164
2429,1.28149e+06,1.00815e+06
2431,1.08667e+07,1.00815e+06
2431,1.08667e+07,44728.4
2431,1.08667e+07,4.58219e+06
2433,1.64375e+07,4.58219e+06
2435,1.14373e+06,4.58219e+06
2435,1.14373e+06,1.65116e+07
2437,445108,1.65116e+07
2439,874753,1.65116e+07
2441,1.48762e+06,1.65116e+07
2439,1.48762e+06,1.77163e+06
2439,1.48762e+06,3.54412e+06
2441,1.41926e+06,3.54412e+06
2443,1.47416e+06,3.54412e+06
2439,1.47416e+06,1.92831e+06
2441,8.78621e+07,1.92831e+06
2441,8.78621e+07,5.94737e+06
2439,8.78621e+07,4.95088e+06
2441,5.76372e+06,4.95088e+06
2439,5.76372e+06,846340
2439,5.76372e+06,5.22222e+06
2441,1.06029e+06,5.22222e+06
2441,1.06029e+06,690972
2435,1.06029e+06,380632
2435,1.06029e+06,519062
2435,1.06029e+06,2.17919e+06
2435,1.06029e+06,516199
2437,1.97527e+06,516199
2432,1.97527e+06,673872
2434,511745,673872
2436,1.59279e+06,673872
2434,1.59279e+06,4.33028e+06
2436,2.90988e+06,4.33028e+06
2438,12048.2,4.33028e+06
2440,1.77495e+06,4.33028e+06
2435,1.77495e+06,1.97164e+06
2433,1.77495e+06,1.40127e+06
2435,1.31481e+07,1.40127e+06
2435,1.31481e+07,2.64463e+06
2434,1.31481e+07,5.6015e+06
2436,1.03708e+07,5.6015e+06
2430,1.03708e+07,1.64123e+06
2432,2.81548e+06,1.64123e+06
2434,4.27353e+07,1.64123e+06
2432,4.27353e+07,325543
2432,4.27353e+07,7.23445e+06
2434,1.8674e+06,7.23445e+06
2432,1.8674e+06,967290
2427,1.8674e+06,1.25102e+06
2429,4.70645e+06,1.25102e+06
2431,913676,1.25102e+06
2431,913676,1.98153e+06
2433,824680,1.98153e+06
2432,824680,293151
2431,824680,6.42424e+07
2433,2.27875e+06,6.42424e+07
2435,1.08762e+06,6.42424e+07
2437,438725,6.42424e+07
2436,438725,1.73913e+06
2438,895028,1.73913e+06
2434,895028,466522
2436,562963,466522
2438,1.78309e+06,466522
2438,1.78309e+06,7.74302e+06
2434,1.78309e+06,289062
2434,1.78309e+06,1.96694e+06
2434,1.78309e+06,918495
2436,8.65354e+06,918495
2438,1.38294e+06,918495
2433,1.38294e+06,1.20138e+06
2435,1.10987e+06,1.20138e+06
2437,21558.9,1.20138e+06
2435,21558.9,9.42529e+06
2437,6.34234e+06,9.42529e+06
2436,6.34234e+06,409807
2438,243182,409807
2440,22954.1,409807
2440,22954.1,4.15672e+06
2440,22954.1,1.2536e+06
2439,22954.1,2.39245e+07
2441,9.13864e+06,2.39245e+07
2439,9.13864e+06,480292
2439,9.13864e+06,802548
2441,1.32861e+06,802548
2439,1.32861e+06,993031
2439,1.32861e+06,3.09804e+06
2441,687427,3.09804e+06
2436,687427,357916
2438,1.54198e+06,357916
2438,1.54198e+06,2.33146e+06
2440,1.48139e+06,2.33146e+06
2442,652915,2.33146e+06
2442,652915,1.5348e+06
2444,372077,1.5348e+06
2444,372077,232432
2440,372077,555376
2440,372077,1.87571e+06
2442,3.72917e+06,1.87571e+06
2442,3.72917e+06,2.05042e+06
2444,133555,2.05042e+06
2446,2.13243e+06,2.05042e+06
2446,2.13243e+06,5.23148e+06
2446,2.13243e+06,3.24432e+06
2446,2.13243e+06,1.19392e+06
2441,2.13243e+06,794808
2443,1.07868e+06,794808
2445,1.16546e+06,794808
2444,1.16546e+06,3.51337e+06
2446,1.44524e+06,3.51337e+06
2436,1.44524e+06,940372
2436,1.44524e+06,1.71493e+06
2438,4.92747e+06,1.71493e+06
2435,4.92747e+06,624938
2437,1.15699e+06,624938
2439,303675,624938
2439,303675,6.48598e+06
2441,2.96796e+06,6.48598e+06
2439,2.96796e+06,1.87388e+07
2441,2.56962e+06,1.87388e+07
2443,639364,1.87388e+07
2438,639364,1.54782e+06
2440,3.59839e+06,1.54782e+06
2440,3.59839e+06,3.34918e+07
2442,1.89043e+06,3.34918e+07
2444,463144,3.34918e+07
2443,463144,8.10138e+06
2445,545561,8.10138e+06
2447,165247,8.10138e+06
2449,1.98295e+06,8.10138e+06
2443,1.98295e+06,392423
2442,1.98295e+06,1.32302e+07
2444,7.21523e+06,1.32302e+07
2443,7.21523e+06,585580
2443,7.21523e+06,282443
2440,7.21523e+06,1.5544e+07
2442,5.50787e+06,1.5544e+07
2444,242092,1.5544e+07
2446,252066,1.5544e+07
2446,252066,1.22059e+07
2448,515927,1.22059e+07
2450,2.32432e+06,1.22059e+07
2450,2.32432e+06,2.55508e+06
2445,2.32432e+06,977054
2447,5.09511e+06,977054
2443,5.09511e+06,1.85794e+06
2443,5.09511e+06,1.1453e+06
2445,620094,1.1453e+06
2447,1.50833e+06,1.1453e+06
2449,661905,1.1453e+06
2447,661905,672843
2438,661905,367718
2437,661905,438729
2438,1.06964e+06,438729
2437,1.06964e+06,264664
2439,1.53041e+06,264664
2441,55290.1,264664
2439,55290.1,8.56534e+06
2441,1.59222e+06,8.56534e+06
2439,1.59222e+06,362057
2439,1.59222e+06,7.27273e+06
2441,429348,7.27273e+06
2441,429348,1.49517e+06
2443,1.70928e+06,1.49517e+06
2445,1.36471e+06,1.49517e+06
2441,1.36471e+06,7.07306e+06
2443,7.91538e+06,7.07306e+06
2434,7.91538e+06,1.18497e+06
2436,1.19493e+06,1.18497e+06
2438,934260,1.18497e+06
2437,934260,3.15129e+06
2439,532680,3.15129e+06
2441,424749,3.15129e+06
2439,424749,841401
2441,1.55625e+07,841401
2441,1.55625e+07,2.00694e+06
2440,1.55625e+07,3.03125e+06
2442,524962,3.03125e+06
2444,2.77494e+06,3.03125e+06
2439,2.77494e+06,776321
2436,2.77494e+06,1.09154e+06
2436,2.77494e+06,2.91429e+06
2438,3.50545e+07,2.91429e+06
2440,300420,2.91429e+06
2442,1.15232e+06,2.91429e+06
2442,1.15232e+06,4.608e+06
2444,222024,4.608e+06
2442,222024,5.26079e+06
2444,2.91901e+06,5.26079e+06
2446,1.60167e+06,5.26079e+06
2448,1.23494e+06,5.26079e+06
2446,1.23494e+06,2.38896e+06
2448,2.69444e+07,2.38896e+06
2443,2.69444e+07,745512
2442,2.69444e+07,2.99502e+06
2444,3.43621e+07,2.99502e+06
2444,3.43621e+07,3.31746e+06
2446,543046,3.31746e+06
2448,920091,3.31746e+06
2448,920091,1.36943e+06
2447,920091,1.43837e+07
2449,4.02226e+06,1.43837e+07
2441,4.02226e+06,753090
2443,1.08593e+08,753090
2443,1.08593e+08,4.64671e+06
2443,1.08593e+08,7.32576e+06
2443,1.08593e+08,2.39085e+06
2443,1.08593e+08,3.53591e+06
2445,1.69811e+06,3.53591e+06
2447,392607,3.53591e+06
2447,392607,139269
2449,62565.2,139269
2445,62565.2,939358
2447,2.45157e+06,939358
2443,2.45157e+06,960726
2445,552764,960726
2447,3.14064e+06,960726
2442,3.14064e+06,758350
2441,3.14064e+06,1.26475e+06
2443,888973,1.26475e+06
2443,888973,760804
2443,888973,996310
2437,888973,471429
2439,3.1687e+06,471429
2437,3.1687e+06,1.85959e+06
2439,1.05293e+06,1.85959e+06
2441,454094,1.85959e+06
2443,1.89059e+06,1.85959e+06
2445,1.46528e+06,1.85959e+06
2439,1.46528e+06,1.44246e+06
2441,284644,1.44246e+06
2443,968714,1.44246e+06
2442,968714,408555
2444,2.84044e+06,408555
2439,2.84044e+06,1.30927e+06
2435,2.84044e+06,396283
2437,1.23052e+06,396283
2437,1.23052e+06,120879
2433,1.23052e+06,2.69376e+06
2435,1.82605e+07,2.69376e+06
2435,1.82605e+07,45454.5
2437,1.12411e+06,45454.5
2434,1.12411e+06,1.48027e+06
2436,2.24887e+06,1.48027e+06
2434,2.24887e+06,5.92157e+06
2436,312178,5.92157e+06
2434,312178,313918
2434,312178,1.33535e+06
2436,1.79032e+07,1.33535e+06
2438,2.06404e+06,1.33535e+06
2429,2.06404e+06,945299
2431,8.55963e+06,945299
2431,8.55963e+06,297919
2426,8.55963e+06,734827
2428,1.61702e+06,734827
2425,1.61702e+06,1.14042e+06
2427,884407,1.14042e+06
2429,1.58318e+06,1.14042e+06
2431,240618,1.14042e+06
2429,240618,7.24118e+07
2431,5.6828e+06,7.24118e+07
2426,5.6828e+06,1.46931e+06
2428,1.15269e+06,1.46931e+06
2430,4.47202e+06,1.46931e+06
2428,4.47202e+06,2.03662e+06
2430,313084,2.03662e+06
2430,313084,965035
2432,221923,965035
2431,221923,1.6192e+06
2433,859281,1.6192e+06
2433,859281,8e+06
2432,859281,1.09346e+06
2434,2.34215e+06,1.09346e+06
2434,2.34215e+06,642140
2436,2.44629e+06,642140
2426,2.44629e+06,1.37514e+06
2428,4.38966e+07,1.37514e+06
2423,4.38966e+07,732198
2425,1.45391e+07,732198
2423,1.45391e+07,1.94624e+06
2423,1.45391e+07,362859
2422,1.45391e+07,898383
2424,414604,898383
2426,175656,898383
2428,1.12301e+06,898383
2428,1.12301e+06,7.17695e+06
2430,960717,7.17695e+06
2432,1.33045e+06,7.17695e+06
2432,1.33045e+06,4e+07
2432,1.33045e+06,530201
2434,41666.7,530201
2436,1.38493e+06,530201
2436,1.38493e+06,1.19366e+06
2436,1.38493e+06,66666.7
2434,1.38493e+06,846939
2434,1.38493e+06,3.0354e+06
2436,3.91388e+06,3.0354e+06
2434,3.91388e+06,4.73645e+06
2436,1.07744e+06,4.73645e+06
2436,1.07744e+06,1.40934e+06
2435,1.07744e+06,5.67232e+06
2437,553249,5.67232e+06
2439,399154,5.67232e+06
2438,399154,693694
2440,1.8274e+06,693694
2440,1.8274e+06,1.89157e+06
2432,1.8274e+06,634716
2434,1.39222e+07,634716
2433,1.39222e+07,121843
2435,1.73043e+06,121843
2433,1.73043e+06,2.77025e+06
2435,653409,2.77025e+06
2435,653409,4.4251e+06
2434,653409,633224
2436,563082,633224
2431,563082,511514
2433,4.93696e+06,511514
2430,4.93696e+06,8.80667e+06
2432,2.07455e+07,8.80667e+06
2425,2.07455e+07,842535
2427,8.70877e+06,842535
2424,8.70877e+06,846154
2426,1.04633e+06,846154
2421,1.04633e+06,619869
2423,1.7248e+06,619869
2423,1.7248e+06,5.86777e+06
2425,359592,5.86777e+06
2427,1.94582e+06,5.86777e+06
2415,1.94582e+06,896466
2417,5.70561e+06,896466
2412,5.70561e+06,2.85181e+06
2412,5.70561e+06,470046
2414,4.11429e+07,470046
2416,562176,470046
2418,50528.8,470046
2420,1.15058e+06,470046
2420,1.15058e+06,2.60724e+06
2422,431523,2.60724e+06
2422,431523,258621
2422,431523,1.62069e+06
2424,168083,1.62069e+06
2426,834777,1.62069e+06
2418,834777,597516
2420,1.35419e+06,597516
2422,1.28815e+06,597516
2415,1.28815e+06,776009
2417,1.99675e+06,776009
2413,1.99675e+06,1.56512e+06
2415,1.17509e+06,1.56512e+06
2415,1.17509e+06,4.15238e+06
2417,1.27182e+06,4.15238e+06
2417,1.27182e+06,2.9549e+06
2419,134652,2.9549e+06
2421,1.76923e+06,2.9549e+06
2421,1.76923e+06,1.66385e+06
2420,1.76923e+06,113810
2422,607759,113810
2424,216802,113810
2424,216802,974082
2421,216802,3.08442e+07
2423,4.89231e+07,3.08442e+07
2418,4.89231e+07,1.11757e+06
2420,838673,1.11757e+06
2413,838673,1.38396e+06
2415,6.85993e+06,1.38396e+06
2414,6.85993e+06,1.50145e+06
2416,1.85676e+06,1.50145e+06
2416,1.85676e+06,1.29891e+06
2418,1.45029e+06,1.29891e+06
2420,25917.9,1.29891e+06
2417,25917.9,7.485e+06
2419,1.1366e+06,7.485e+06
2419,1.1366e+06,2.89157e+06
2421,3.84648e+06,2.89157e+06
2417,3.84648e+06,1.38996e+06
2417,3.84648e+06,2.20927e+06
2419,2.09133e+06,2.20927e+06
2411,2.09133e+06,1.16206e+06
2413,6.17492e+06,1.16206e+06
2410,6.17492e+06,956840
2412,2.59399e+06,956840
2414,433898,956840
2408,433898,1.39653e+06
2410,5.84e+06,1.39653e+06
2406,5.84e+06,1.47849e+06
2408,6.71852e+06,1.47849e+06
2402,6.71852e+06,1.14994e+06
2400,6.71852e+06,823704
2402,438063,823704
2404,611191,823704
2402,611191,1.80317e+06
2404,2.25485e+06,1.80317e+06
2404,2.25485e+06,6.48729e+06
2406,290541,6.48729e+06
2408,1.7963e+06,6.48729e+06
2408,1.7963e+06,3.76382e+06
2410,197661,3.76382e+06
2412,1.98468e+06,3.76382e+06
2409,1.98468e+06,1.02456e+06
2411,3.28082e+07,1.02456e+06
2401,3.28082e+07,1.53436e+06
2403,5.94979e+06,1.53436e+06
2405,1.94468e+06,1.53436e+06
2405,1.94468e+06,4.81538e+06
2401,1.94468e+06,2.40636e+06
2403,9.75281e+06,2.40636e+06
2405,567188,2.40636e+06
2407,868621,2.40636e+06
2406,868621,1.8963e+06
2408,1.59061e+06,1.8963e+06
2410,502463,1.8963e+06
2400,502463,731460
2402,4.76496e+06,731460
2404,3.10472e+06,731460
2402,3.10472e+06,2.83091e+07
2404,1.73804e+06,2.83091e+07
2406,1.53469e+06,2.83091e+07
2408,208029,2.83091e+07
2408,208029,247191
2403,208029,1.17594e+06
2405,2.40603e+07,1.17594e+06
2405,2.40603e+07,1.64865e+06
2405,2.40603e+07,756098
2405,2.40603e+07,8.8125e+06
2405,2.40603e+07,454167
2407,3.23239e+06,454167
2402,3.23239e+06,889934
2404,412903,889934
2406,2.18261e+07,889934
2402,2.18261e+07,2.20316e+06
2404,4.95e+07,2.20316e+06
2400,4.95e+07,495327
2402,1.60065e+06,495327
2396,1.60065e+06,1.8774e+06
2398,9.90456e+06,1.8774e+06
2400,1.1508e+06,1.8774e+06
2402,1.27949e+06,1.8774e+06
2399,1.27949e+06,6.07197e+06
2401,223214,6.07197e+06
2403,2.3668e+06,6.07197e+06
2400,2.3668e+06,2.97065e+06
2400,2.3668e+06,1.2963e+07
2400,2.3668e+06,3.90909e+06
2402,1.60876e+06,3.90909e+06
2401,1.60876e+06,1.33493e+06
2403,845709,1.33493e+06
2400,845709,909279
2402,2.91703e+06,909279
2404,104797,909279
2406,11764.7,909279
2408,779739,909279
2404,779739,1.0648e+06
2406,2.06776e+06,1.0648e+06
2408,547231,1.0648e+06
2406,547231,718287
2405,547231,606329
2407,3.48289e+06,606329
2397,3.48289e+06,820126
2399,4.36022e+06,820126
2401,4.05088e+07,820126
2398,4.05088e+07,2.01807e+06
2394,4.05088e+07,327245
2396,394545,327245
2398,71428.6,327245
2398,71428.6,6.61039e+06
2398,71428.6,1.92982e+06
2400,1.2139e+06,1.92982e+06
2402,997848,1.92982e+06
2397,997848,1.01967e+06
2399,8.23423e+06,1.01967e+06
2397,8.23423e+06,354376
2399,7.90686e+06,354376
2394,7.90686e+06,6.39766e+06
2396,1.26738e+07,6.39766e+06
2394,1.26738e+07,8.89615e+06
2396,4.58763e+06,8.89615e+06
2394,4.58763e+06,1.36287e+06
2396,1.12374e+06,1.36287e+06
2394,1.12374e+06,2.79335e+06
2396,2.25455e+06,2.79335e+06
2390,2.25455e+06,1.0682e+06
2392,1.44368e+08,1.0682e+06
2392,1.44368e+08,2.26432e+06
2394,364000,2.26432e+06
2396,307119,2.26432e+06
2398,188150,2.26432e+06
2398,188150,2.84375e+06
2400,1.73421e+06,2.84375e+06
2397,1.73421e+06,676268
2397,1.73421e+06,5.65414e+06
2399,1.76712e+06,5.65414e+06
2401,930448,5.65414e+06
2400,930448,845728
2398,930448,2.20177e+06
2400,1.27183e+06,2.20177e+06
2402,148487,2.20177e+06
2404,1.97232e+06,2.20177e+06
2397,1.97232e+06,958970
2399,2.74262e+06,958970
2396,2.74262e+06,339178
2396,2.74262e+06,125382
2398,527491,125382
2400,496878,125382
2400,496878,387352
2396,496878,358765
2393,496878,1.58144e+06
2395,6.41026e+06,1.58144e+06
2397,1.5205e+06,1.58144e+06
2397,1.5205e+06,6.90476e+06
2397,1.5205e+06,996183
2399,2.01026e+06,996183
2393,2.01026e+06,1.85957e+06
2395,8.6e+06,1.85957e+06
2397,573733,1.85957e+06
2396,573733,444171
2396,573733,2.12548e+06
2398,2.14181e+06,2.12548e+06
2398,2.14181e+06,586716
2390,2.14181e+06,643029
2392,3.36103e+06,643029
2387,3.36103e+06,697981
2387,3.36103e+06,1.80072e+06
2389,6.68684e+07,1.80072e+06
2387,6.68684e+07,1.77204e+07
2389,4.01109e+06,1.77204e+07
2386,4.01109e+06,3.12e+06
2388,680831,3.12e+06
2390,31459.2,3.12e+06
2392,589438,3.12e+06
2385,589438,1.0726e+06
2387,3.14035e+06,1.0726e+06
2380,3.14035e+06,1.16943e+06
2382,6.60625e+06,1.16943e+06
2384,989209,1.16943e+06
2386,2.36647e+06,1.16943e+06
2385,2.36647e+06,846154
2383,2.36647e+06,1.78087e+06
2385,3.44754e+06,1.78087e+06
2387,1.16604e+06,1.78087e+06
2375,1.16604e+06,816251
2377,2.31818e+06,816251
2377,2.31818e+06,6.25e+06
2377,2.31818e+06,7.39806e+06
2379,1.94516e+07,7.39806e+06
2381,439883,7.39806e+06
2381,439883,3.95745e+07
2383,975812,3.95745e+07
2383,975812,1.18611e+07
2380,975812,750856
2378,975812,557692
2378,975812,5.07927e+06
2380,1.99183e+06,5.07927e+06
2380,1.99183e+06,1.61364e+08
2380,1.99183e+06,83333.3
2380,1.99183e+06,3.11859e+06
2379,1.99183e+06,7.84483e+06
2381,5.07121e+06,7.84483e+06
2383,1.27474e+06,7.84483e+06
2383,1.27474e+06,1.23499e+06
2381,1.27474e+06,7.73913e+06
2383,902439,7.73913e+06
2381,902439,1.18242e+06
2383,3.19455e+06,1.18242e+06
2383,3.19455e+06,1.34818e+06
2385,289410,1.34818e+06
2385,289410,7.95238e+06
2385,289410,227019
2387,1.13142e+06,227019
2389,1.33185e+06,227019
2378,1.33185e+06,807255
2380,1.44253e+06,807255
2380,1.44253e+06,808271
2372,1.44253e+06,750000
2374,4.268e+07,750000
2374,4.268e+07,454430
2376,2.04986e+06,454430
2372,2.04986e+06,1.37972e+06
2374,2.37294e+06,1.37972e+06
2366,2.37294e+06,1.20356e+06
2368,1.46081e+07,1.20356e+06
2370,735437,1.20356e+06
2372,446429,1.20356e+06
2374,481406,1.20356e+06
2373,481406,599424
2372,481406,1.88542e+06
2370,481406,1.1056e+06
2372,320066,1.1056e+06
2372,320066,4.76163e+06
2374,2.59399e+06,4.76163e+06
2361,2.59399e+06,826004
2363,503356,826004
2365,215947,826004
2367,200000,826004
2367,200000,253589
2367,200000,1.07455e+06
2367,200000,725528
2369,1.47752e+06,725528
2369,1.47752e+06,937349
2371,77249.6,937349
2367,77249.6,1.70017e+06
2369,7.69464e+07,1.70017e+06
2369,7.69464e+07,1.81098e+06
2363,7.69464e+07,774976
2365,1.06892e+06,774976
2367,603640,774976
2366,603640,5.004e+06
2365,603640,4.49189e+07
2367,1.77119e+07,4.49189e+07
2369,541899,4.49189e+07
2369,541899,1.43165e+06
2369,541899,1.54673e+06
2371,58184.6,1.54673e+06
2373,2.35892e+06,1.54673e+06
2369,2.35892e+06,1.14448e+06
2371,5.84727e+06,1.14448e+06
2373,606199,1.14448e+06
2375,1.26821e+06,1.14448e+06
2370,1.26821e+06,1.07669e+06
2372,1.32628e+07,1.07669e+06
2365,1.32628e+07,1.06192e+06
2367,2.58571e+06,1.06192e+06
2364,2.58571e+06,4.67593e+06
2366,1.44338e+06,4.67593e+06
2368,2.1714e+06,4.67593e+06
2360,2.1714e+06,1.67837e+06
2362,5.1896e+06,1.67837e+06
2364,1.46701e+07,1.67837e+06
2366,5.39394e+06,1.67837e+06
2366,5.39394e+06,8.05415e+06
2368,6.04787e+06,8.05415e+06
2368,6.04787e+06,7.8835e+06
2370,188151,7.8835e+06
2372,196271,7.8835e+06
2372,196271,1.90361e+06
2374,293233,1.90361e+06
2374,293233,495050
2376,313008,495050
2376,313008,343575
2378,403727,343575
2376,403727,1.41966e+06
2378,142259,1.41966e+06
2380,1.07506e+06,1.41966e+06
2382,130496,1.41966e+06
2382,130496,2.88421e+06
2384,251889,2.88421e+06
2386,9562.84,2.88421e+06
2388,1.9357e+06,2.88421e+06
2388,1.9357e+06,395604
2390,85062.2,395604
2390,85062.2,6.69328e+06
2392,496280,6.69328e+06
2391,496280,1.40483e+06
2393,2.75937e+06,1.40483e+06
2395,644586,1.40483e+06
2391,644586,1.98096e+06
2393,2.41304e+06,1.98096e+06
2393,2.41304e+06,3.69203e+06
2395,1.78623e+06,3.69203e+06
2382,1.78623e+06,756493
2384,3.61538e+06,756493
2382,3.61538e+06,1.6859e+06
2384,333333,1.6859e+06
2384,333333,1.56159e+06
2386,2.42121e+06,1.56159e+06
2388,282110,1.56159e+06
2388,282110,5.07e+06
2390,2.98587e+06,5.07e+06
2389,2.98587e+06,1.31995e+06
2391,195429,1.31995e+06
2388,195429,351933
2386,195429,905813
2388,344869,905813
2388,344869,4.03125e+07
2390,483278,4.03125e+07
2392,105310,4.03125e+07
2394,321012,4.03125e+07
2396,157195,4.03125e+07
2395,157195,6.12565e+06
2397,2.14286e+06,6.12565e+06
2396,2.14286e+06,827451
2395,2.14286e+06,7.8607e+06
2397,1.47526e+06,7.8607e+06
2397,1.47526e+06,1.1118e+06
2399,367463,1.1118e+06
2399,367463,1.28926e+06
2401,1.06479e+06,1.28926e+06
2397,1.06479e+06,897288
2399,5.63782e+06,897288
2396,5.63782e+06,3.71487e+06
2398,3.20574e+06,3.71487e+06
2400,864015,3.71487e+06
2400,864015,8.74576e+06
2402,1.51317e+06,8.74576e+06
2399,1.51317e+06,1.2795e+06
2399,1.51317e+06,2.03e+07
2399,1.51317e+06,1.79655e+07
2401,1.88778e+07,1.79655e+07
2395,1.88778e+07,932281
2397,2.26702e+06,932281
2399,968170,932281
2401,1.46648e+06,932281
2401,1.46648e+06,4.77907e+06
2403,604511,4.77907e+06
2400,604511,4.02767e+06
2402,2.44074e+07,4.02767e+06
2400,2.44074e+07,2.54516e+07
2398,2.44074e+07,1.40547e+06
2400,1.48151e+06,1.40547e+06
2400,1.48151e+06,2.71583e+06
2402,3.10213e+06,2.71583e+06
2401,3.10213e+06,2.3436e+06
2398,3.10213e+06,2.47891e+06
2400,1.25879e+07,2.47891e+06
2396,1.25879e+07,2.16387e+06
2389,1.25879e+07,454613
2389,1.25879e+07,217270
2391,2.43019e+06,217270
